PassengerId,Pclass,Age,Fare,familySize,motherOrNot,encodeSex,lableEncodeEmbark,cabinAlpha_A,cabinAlpha_B,cabinAlpha_C,cabinAlpha_D,cabinAlpha_E,cabinAlpha_F,cabinAlpha_G,cabinAlpha_K,title_Capt,title_Master,title_Miss,title_Mr,title_Mrs,FareCategorise_veryLow,FareCategorise_low,FareCategorise_high,FareCategorise_veryHigh,ageState_Adult,ageState_Child,Survived
1,3,22.0,7.25,2,0,1,2,0,0,0,0,0,0,0,1,0,0,0,1,0,1,0,0,0,1,0,0
2,1,38.0,71.2833,2,0,0,0,0,0,1,0,0,0,0,0,0,0,0,0,1,0,0,0,1,1,0,1
3,3,26.0,7.925,1,0,0,2,0,0,0,0,0,0,0,1,0,0,0,0,1,0,1,0,0,1,0,1
4,1,35.0,53.1,2,0,0,2,0,0,1,0,0,0,0,0,0,0,0,0,1,0,0,0,1,1,0,1
5,3,35.0,8.05,1,0,1,2,0,0,0,0,0,0,0,1,0,0,0,1,0,0,1,0,0,1,0,0
6,3,26.07558844241914,8.4583,1,0,1,1,0,0,0,0,0,0,0,1,0,0,0,1,0,0,1,0,0,1,0,0
7,1,54.0,51.8625,1,0,1,2,0,0,0,0,1,0,0,0,0,0,0,1,0,0,0,0,1,1,0,0
8,3,2.0,21.075,5,0,1,2,0,0,0,0,0,0,0,1,0,1,0,0,0,0,0,1,0,0,1,0
9,3,27.0,11.1333,3,1,0,2,0,0,0,0,0,0,0,1,0,0,0,0,1,0,1,0,0,1,0,1
10,2,14.0,30.0708,2,0,0,0,0,0,0,0,0,0,0,1,0,0,1,0,0,0,0,1,0,0,1,1
11,3,4.0,16.7,3,0,0,2,0,0,0,0,0,0,1,0,0,0,1,0,0,0,0,1,0,0,1,1
12,1,58.0,26.55,1,0,0,2,0,0,1,0,0,0,0,0,0,0,0,0,1,0,0,1,0,1,0,1
13,3,20.0,8.05,1,0,1,2,0,0,0,0,0,0,0,1,0,0,0,1,0,0,1,0,0,1,0,0
14,3,39.0,31.275,7,0,1,2,0,0,0,0,0,0,0,1,0,0,0,1,0,0,0,0,1,1,0,0
15,3,14.0,7.8542,1,0,0,2,0,0,0,0,0,0,0,1,0,0,1,0,0,1,0,0,0,0,1,0
16,2,55.0,16.0,1,0,0,2,0,0,0,0,0,0,0,1,0,0,0,0,1,0,0,1,0,1,0,1
17,3,2.0,29.125,6,0,1,1,0,0,0,0,0,0,0,1,0,1,0,0,0,0,0,1,0,0,1,0
18,2,28.719138838163033,13.0,1,0,1,2,0,0,0,0,0,0,0,1,0,0,0,1,0,0,1,0,0,1,0,1
19,3,31.0,18.0,2,0,0,2,0,0,0,0,0,0,0,1,0,0,0,0,1,0,0,1,0,1,0,0
20,3,18.325283702003468,7.225,1,0,0,0,0,0,0,0,0,0,0,1,0,0,0,0,1,1,0,0,0,1,0,1
21,2,35.0,26.0,1,0,1,2,0,0,0,0,0,0,0,1,0,0,0,1,0,0,0,1,0,1,0,0
22,2,34.0,13.0,1,0,1,2,0,0,0,1,0,0,0,0,0,0,0,1,0,0,1,0,0,1,0,1
23,3,15.0,8.0292,1,0,0,1,0,0,0,0,0,0,0,1,0,0,1,0,0,0,1,0,0,0,1,1
24,1,28.0,35.5,1,0,1,2,1,0,0,0,0,0,0,0,0,0,0,1,0,0,0,0,1,1,0,1
25,3,8.0,21.075,5,0,0,2,0,0,0,0,0,0,0,1,0,0,1,0,0,0,0,1,0,0,1,0
26,3,38.0,31.3875,7,1,0,2,0,0,0,0,0,0,0,1,0,0,0,0,1,0,0,0,1,1,0,1
27,3,26.090490193651384,7.225,1,0,1,0,0,0,0,0,0,0,0,1,0,0,0,1,0,1,0,0,0,1,0,0
28,1,19.0,263.0,6,0,1,2,0,0,1,0,0,0,0,0,0,0,0,1,0,0,0,0,1,1,0,0
29,3,18.317379116212393,7.8792,1,0,0,1,0,0,0,0,0,0,0,1,0,0,0,0,1,1,0,0,0,1,0,1
30,3,26.082385032922776,7.8958,1,0,1,2,0,0,0,0,0,0,0,1,0,0,0,1,0,1,0,0,0,1,0,0
31,1,40.0,27.7208,1,0,1,0,0,0,0,0,0,0,0,1,0,0,0,1,0,0,0,1,0,1,0,0
32,1,35.0837751498574,146.5208,2,0,0,0,0,1,0,0,0,0,0,0,0,0,0,0,1,0,0,0,1,1,0,1
33,3,18.318940217533402,7.75,1,0,0,1,0,0,0,0,0,0,0,1,0,0,0,0,1,1,0,0,0,1,0,1
34,2,66.0,10.5,1,0,1,2,0,0,0,0,0,0,0,1,0,0,0,1,0,0,1,0,0,1,0,0
35,1,28.0,82.1708,2,0,1,0,0,0,0,0,0,0,0,1,0,0,0,1,0,0,0,0,1,1,0,0
36,1,42.0,52.0,2,0,1,2,0,0,0,0,0,0,0,1,0,0,0,1,0,0,0,0,1,1,0,0
37,3,18.325232954127706,7.2292,1,0,1,0,0,0,0,0,0,0,0,1,0,0,0,1,0,1,0,0,0,1,0,1
38,3,21.0,8.05,1,0,1,2,0,0,0,0,0,0,0,1,0,0,0,1,0,0,1,0,0,1,0,0
39,3,18.0,18.0,3,0,0,2,0,0,0,0,0,0,0,1,0,0,0,0,1,0,0,1,0,1,0,0
40,3,14.0,11.2417,2,0,0,0,0,0,0,0,0,0,0,1,0,0,1,0,0,0,1,0,0,0,1,1
41,3,40.0,9.475,2,0,0,2,0,0,0,0,0,0,0,1,0,0,0,0,1,0,1,0,0,1,0,0
42,2,27.0,21.0,2,0,0,2,0,0,0,0,0,0,0,1,0,0,0,0,1,0,0,1,0,1,0,0
43,3,26.082385032922776,7.8958,1,0,1,0,0,0,0,0,0,0,0,1,0,0,0,1,0,1,0,0,0,1,0,0
44,2,3.0,41.5792,4,0,0,0,0,0,0,0,0,0,0,1,0,0,1,0,0,0,0,0,1,0,1,1
45,3,19.0,7.8792,1,0,0,1,0,0,0,0,0,0,0,1,0,0,0,0,1,1,0,0,0,1,0,1
46,3,26.080521860912715,8.05,1,0,1,2,0,0,0,0,0,0,0,1,0,0,0,1,0,0,1,0,0,1,0,0
47,3,23.504816444283016,15.5,2,0,1,1,0,0,0,0,0,0,0,1,0,0,0,1,0,0,0,1,0,1,0,0
48,3,18.318940217533402,7.75,1,0,0,1,0,0,0,0,0,0,0,1,0,0,0,0,1,1,0,0,0,1,0,1
49,3,20.944465884919126,21.6792,3,0,1,0,0,0,0,0,0,0,0,1,0,0,0,1,0,0,0,1,0,1,0,0
50,3,18.0,17.8,2,0,0,2,0,0,0,0,0,0,0,1,0,0,0,0,1,0,0,1,0,1,0,0
51,3,7.0,39.6875,6,0,1,2,0,0,0,0,0,0,0,1,0,1,0,0,0,0,0,0,1,0,1,0
52,3,21.0,7.8,1,0,1,2,0,0,0,0,0,0,0,1,0,0,0,1,0,1,0,0,0,1,0,0
53,1,49.0,76.7292,2,0,0,0,0,0,0,1,0,0,0,0,0,0,0,0,1,0,0,0,1,1,0,1
54,2,29.0,26.0,2,0,0,2,0,0,0,0,0,0,0,1,0,0,0,0,1,0,0,1,0,1,0,1
55,1,65.0,61.9792,2,0,1,0,0,1,0,0,0,0,0,0,0,0,0,1,0,0,0,0,1,1,0,0
56,1,38.91090868334778,35.5,1,0,1,2,0,0,1,0,0,0,0,0,0,0,0,1,0,0,0,0,1,1,0,1
57,2,21.0,10.5,1,0,0,2,0,0,0,0,0,0,0,1,0,0,0,0,1,0,1,0,0,1,0,1
58,3,28.5,7.2292,1,0,1,0,0,0,0,0,0,0,0,1,0,0,0,1,0,1,0,0,0,1,0,0
59,2,5.0,27.75,4,0,0,2,0,0,0,0,0,0,0,1,0,0,1,0,0,0,0,1,0,0,1,1
60,3,11.0,46.9,8,0,1,2,0,0,0,0,0,0,0,1,0,1,0,0,0,0,0,0,1,0,1,0
61,3,22.0,7.2292,1,0,1,0,0,0,0,0,0,0,0,1,0,0,0,1,0,1,0,0,0,1,0,0
62,1,38.0,78.0,1,0,0,2,0,1,0,0,0,0,0,0,0,0,0,0,1,0,0,0,1,1,0,1
63,1,45.0,83.475,2,0,1,2,0,0,1,0,0,0,0,0,0,0,0,1,0,0,0,0,1,1,0,0
64,3,4.0,27.9,6,0,1,2,0,0,0,0,0,0,0,1,0,1,0,0,0,0,0,1,0,0,1,0
65,1,46.77010990716617,27.7208,1,0,1,0,0,0,0,0,0,0,0,1,0,0,0,1,0,0,0,1,0,1,0,0
66,3,11.51215426348643,15.2458,3,0,1,0,0,0,0,0,0,0,0,1,0,1,0,0,0,0,0,1,0,0,1,1
67,2,29.0,10.5,1,0,0,2,0,0,0,0,0,1,0,0,0,0,0,0,1,0,1,0,0,1,0,1
68,3,19.0,8.1583,1,0,1,2,0,0,0,0,0,0,0,1,0,0,0,1,0,0,1,0,0,1,0,0
69,3,17.0,7.925,7,0,0,2,0,0,0,0,0,0,0,1,0,0,1,0,0,0,1,0,0,0,1,1
70,3,26.0,8.6625,3,0,1,2,0,0,0,0,0,0,0,1,0,0,0,1,0,0,1,0,0,1,0,0
71,2,32.0,10.5,1,0,1,2,0,0,0,0,0,0,0,1,0,0,0,1,0,0,1,0,0,1,0,0
72,3,16.0,46.9,8,0,0,2,0,0,0,0,0,0,0,1,0,0,1,0,0,0,0,0,1,0,1,0
73,2,21.0,73.5,1,0,1,2,0,0,0,0,0,0,0,1,0,0,0,1,0,0,0,0,1,1,0,0
74,3,26.0,14.4542,2,0,1,0,0,0,0,0,0,0,0,1,0,0,0,1,0,0,1,0,0,1,0,0
75,3,32.0,56.4958,1,0,1,2,0,0,0,0,0,0,0,1,0,0,0,1,0,0,0,0,1,1,0,1
76,3,25.0,7.65,1,0,1,2,0,0,0,0,0,1,0,0,0,0,0,1,0,1,0,0,0,1,0,0
77,3,26.082385032922776,7.8958,1,0,1,2,0,0,0,0,0,0,0,1,0,0,0,1,0,1,0,0,0,1,0,0
78,3,26.080521860912715,8.05,1,0,1,2,0,0,0,0,0,0,0,1,0,0,0,1,0,0,1,0,0,1,0,0
79,2,0.83,29.0,3,0,1,2,0,0,0,0,0,0,0,1,0,1,0,0,0,0,0,1,0,0,1,1
80,3,30.0,12.475,1,0,0,2,0,0,0,0,0,0,0,1,0,0,0,0,1,0,1,0,0,1,0,1
81,3,22.0,9.0,1,0,1,2,0,0,0,0,0,0,0,1,0,0,0,1,0,0,1,0,0,1,0,0
82,3,29.0,9.5,1,0,1,2,0,0,0,0,0,0,0,1,0,0,0,1,0,0,1,0,0,1,0,1
83,3,18.318487111499827,7.7875,1,0,0,1,0,0,0,0,0,0,0,1,0,0,0,0,1,1,0,0,0,1,0,1
84,1,28.0,47.1,1,0,1,2,0,0,0,0,0,0,0,1,0,0,0,1,0,0,0,0,1,1,0,0
85,2,17.0,10.5,1,0,0,2,0,0,0,0,0,0,0,1,0,0,1,0,0,0,1,0,0,0,1,1
86,3,33.0,15.85,4,0,0,2,0,0,0,0,0,0,0,1,0,0,0,0,1,0,0,1,0,1,0,1
87,3,16.0,34.375,5,0,1,2,0,0,0,0,0,0,0,1,0,1,0,0,0,0,0,0,1,0,1,0
88,3,26.080521860912715,8.05,1,0,1,2,0,0,0,0,0,0,0,1,0,0,0,1,0,0,1,0,0,1,0,0
89,1,23.0,263.0,6,1,0,2,0,0,1,0,0,0,0,0,0,0,0,0,1,0,0,0,1,1,0,1
90,3,24.0,8.05,1,0,1,2,0,0,0,0,0,0,0,1,0,0,0,1,0,0,1,0,0,1,0,0
91,3,29.0,8.05,1,0,1,2,0,0,0,0,0,0,0,1,0,0,0,1,0,0,1,0,0,1,0,0
92,3,20.0,7.8542,1,0,1,2,0,0,0,0,0,0,0,1,0,0,0,1,0,1,0,0,0,1,0,0
93,1,46.0,61.175,2,0,1,2,0,0,0,0,1,0,0,0,0,0,0,1,0,0,0,0,1,1,0,0
94,3,26.0,20.575,4,0,1,2,0,0,0,0,0,0,0,1,0,0,0,1,0,0,0,1,0,1,0,0
95,3,59.0,7.25,1,0,1,2,0,0,0,0,0,0,0,1,0,0,0,1,0,1,0,0,0,1,0,0
96,3,26.080521860912715,8.05,1,0,1,2,0,0,0,0,0,0,0,1,0,0,0,1,0,0,1,0,0,1,0,0
97,1,71.0,34.6542,1,0,1,0,1,0,0,0,0,0,0,0,0,0,0,1,0,0,0,0,1,1,0,0
98,1,23.0,63.3583,2,0,1,0,0,0,0,1,0,0,0,0,0,0,0,1,0,0,0,0,1,1,0,1
99,2,34.0,23.0,2,1,0,2,0,0,0,0,0,0,0,1,0,0,0,0,1,0,0,1,0,1,0,1
100,2,34.0,26.0,2,0,1,2,0,0,0,0,0,0,0,1,0,0,0,1,0,0,0,1,0,1,0,0
101,3,28.0,7.8958,1,0,0,2,0,0,0,0,0,0,0,1,0,0,0,0,1,1,0,0,0,1,0,0
102,3,26.082385032922776,7.8958,1,0,1,2,0,0,0,0,0,0,0,1,0,0,0,1,0,1,0,0,0,1,0,0
103,1,21.0,77.2875,2,0,1,2,0,0,0,1,0,0,0,0,0,0,0,1,0,0,0,0,1,1,0,0
104,3,33.0,8.6542,1,0,1,2,0,0,0,0,0,0,0,1,0,0,0,1,0,0,1,0,0,1,0,0
105,3,37.0,7.925,3,0,1,2,0,0,0,0,0,0,0,1,0,0,0,1,0,0,1,0,0,1,0,0
106,3,28.0,7.8958,1,0,1,2,0,0,0,0,0,0,0,1,0,0,0,1,0,1,0,0,0,1,0,0
107,3,21.0,7.65,1,0,0,2,0,0,0,0,0,0,0,1,0,0,0,0,1,1,0,0,0,1,0,1
108,3,18.318638146844357,7.775,1,0,1,2,0,0,0,0,0,0,0,1,0,0,0,1,0,1,0,0,0,1,0,1
109,3,38.0,7.8958,1,0,1,2,0,0,0,0,0,0,0,1,0,0,0,1,0,1,0,0,0,1,0,0
110,3,15.635093494223604,24.15,2,0,0,1,0,0,0,0,0,0,0,1,0,0,1,0,0,0,0,1,0,0,1,1
111,1,47.0,52.0,1,0,1,2,0,0,1,0,0,0,0,0,0,0,0,1,0,0,0,0,1,1,0,0
112,3,14.5,14.4542,2,0,0,0,0,0,0,0,0,0,0,1,0,0,1,0,0,0,1,0,0,0,1,0
113,3,22.0,8.05,1,0,1,2,0,0,0,0,0,0,0,1,0,0,0,1,0,0,1,0,0,1,0,0
114,3,20.0,9.825,2,0,0,2,0,0,0,0,0,0,0,1,0,0,0,0,1,0,1,0,0,1,0,0
115,3,17.0,14.4583,1,0,0,0,0,0,0,0,0,0,0,1,0,0,1,0,0,0,0,1,0,0,1,0
116,3,21.0,7.925,1,0,1,2,0,0,0,0,0,0,0,1,0,0,0,1,0,0,1,0,0,1,0,0
117,3,70.5,7.75,1,0,1,1,0,0,0,0,0,0,0,1,0,0,0,1,0,1,0,0,0,1,0,0
118,2,29.0,21.0,2,0,1,2,0,0,0,0,0,0,0,1,0,0,0,1,0,0,0,1,0,1,0,0
119,1,24.0,247.5208,2,0,1,0,0,1,0,0,0,0,0,0,0,0,0,1,0,0,0,0,1,1,0,0
120,3,2.0,31.275,7,0,0,2,0,0,0,0,0,0,0,1,0,0,1,0,0,0,0,0,1,0,1,0
121,2,21.0,73.5,3,0,1,2,0,0,0,0,0,0,0,1,0,0,0,1,0,0,0,0,1,1,0,0
122,3,26.080521860912715,8.05,1,0,1,2,0,0,0,0,0,0,0,1,0,0,0,1,0,0,1,0,0,1,0,0
123,2,32.5,30.0708,2,0,1,0,0,0,0,0,0,0,0,1,0,0,0,1,0,0,0,1,0,1,0,0
124,2,32.5,13.0,1,0,0,2,0,0,0,0,1,0,0,0,0,0,0,0,1,0,1,0,0,1,0,1
125,1,54.0,77.2875,2,0,1,2,0,0,0,1,0,0,0,0,0,0,0,1,0,0,0,0,1,1,0,0
126,3,12.0,11.2417,2,0,1,0,0,0,0,0,0,0,0,1,0,1,0,0,0,0,1,0,0,0,1,1
127,3,26.084146709181322,7.75,1,0,1,1,0,0,0,0,0,0,0,1,0,0,0,1,0,1,0,0,0,1,0,0
128,3,24.0,7.1417,1,0,1,2,0,0,0,0,0,0,0,1,0,0,0,1,0,1,0,0,0,1,0,1
129,3,11.426215152451547,22.3583,3,0,0,0,0,0,0,0,0,1,0,0,0,0,1,0,0,0,0,1,0,0,1,1
130,3,45.0,6.975,1,0,1,2,0,0,0,0,0,0,0,1,0,0,0,1,0,1,0,0,0,1,0,0
131,3,33.0,7.8958,1,0,1,0,0,0,0,0,0,0,0,1,0,0,0,1,0,1,0,0,0,1,0,0
132,3,20.0,7.05,1,0,1,2,0,0,0,0,0,0,0,1,0,0,0,1,0,1,0,0,0,1,0,0
133,3,47.0,14.5,2,0,0,2,0,0,0,0,0,0,0,1,0,0,0,0,1,0,0,1,0,1,0,0
134,2,29.0,26.0,2,0,0,2,0,0,0,0,0,0,0,1,0,0,0,0,1,0,0,1,0,1,0,1
135,2,25.0,13.0,1,0,1,2,0,0,0,0,0,0,0,1,0,0,0,1,0,0,1,0,0,1,0,0
136,2,23.0,15.0458,1,0,1,0,0,0,0,0,0,0,0,1,0,0,0,1,0,0,0,1,0,1,0,0
137,1,19.0,26.2833,3,1,0,2,0,0,0,1,0,0,0,0,0,0,0,0,1,0,0,1,0,1,0,1
138,1,37.0,53.1,2,0,1,2,0,0,1,0,0,0,0,0,0,0,0,1,0,0,0,0,1,1,0,0
139,3,16.0,9.2167,1,0,1,2,0,0,0,0,0,0,0,1,0,1,0,0,0,0,1,0,0,0,1,0
140,1,24.0,79.2,1,0,1,0,0,1,0,0,0,0,0,0,0,0,0,1,0,0,0,0,1,1,0,0
141,3,17.532521962512057,15.2458,3,0,0,0,0,0,0,0,0,0,0,1,0,0,1,0,0,0,0,1,0,0,1,0
142,3,22.0,7.75,1,0,0,2,0,0,0,0,0,0,0,1,0,0,0,0,1,1,0,0,0,1,0,1
143,3,24.0,15.85,2,0,0,2,0,0,0,0,0,0,0,1,0,0,0,0,1,0,0,1,0,1,0,1
144,3,19.0,6.75,1,0,1,1,0,0,0,0,0,0,0,1,0,0,0,1,0,1,0,0,0,1,0,0
145,2,18.0,11.5,1,0,1,2,0,0,0,0,0,0,0,1,0,0,0,1,0,0,1,0,0,1,0,0
146,2,19.0,36.75,3,0,1,2,0,0,0,0,0,0,0,1,0,0,0,1,0,0,0,0,1,1,0,0
147,3,27.0,7.7958,1,0,1,2,0,0,0,0,0,0,0,1,0,0,0,1,0,1,0,0,0,1,0,1
148,3,9.0,34.375,5,0,0,2,0,0,0,0,0,0,0,1,0,0,1,0,0,0,0,0,1,0,1,0
149,2,36.5,26.0,3,0,1,2,0,0,0,0,0,1,0,0,0,0,0,1,0,0,0,1,0,1,0,0
150,2,42.0,13.0,1,0,1,2,0,0,0,0,0,0,0,1,0,0,0,1,0,0,1,0,0,1,0,0
151,2,51.0,12.525,1,0,1,2,0,0,0,0,0,0,0,1,0,0,0,1,0,0,1,0,0,1,0,0
152,1,22.0,66.6,2,0,0,2,0,0,1,0,0,0,0,0,0,0,0,0,1,0,0,0,1,1,0,1
153,3,55.5,8.05,1,0,1,2,0,0,0,0,0,0,0,1,0,0,0,1,0,0,1,0,0,1,0,0
154,3,40.5,14.5,3,0,1,2,0,0,0,0,0,0,0,1,0,0,0,1,0,0,0,1,0,1,0,0
155,3,26.089432946239704,7.3125,1,0,1,2,0,0,0,0,0,0,0,1,0,0,0,1,0,1,0,0,0,1,0,0
156,1,51.0,61.3792,2,0,1,0,0,0,0,0,0,0,0,1,0,0,0,1,0,0,0,0,1,1,0,0
157,3,16.0,7.7333,1,0,0,1,0,0,0,0,0,0,0,1,0,0,1,0,0,1,0,0,0,0,1,1
158,3,30.0,8.05,1,0,1,2,0,0,0,0,0,0,0,1,0,0,0,1,0,0,1,0,0,1,0,0
159,3,26.073121129030977,8.6625,1,0,1,2,0,0,0,0,0,0,0,1,0,0,0,1,0,0,1,0,0,1,0,0
160,3,3.009133132322617,69.55,11,0,1,2,0,0,0,0,0,0,0,1,0,1,0,0,0,0,0,0,1,0,1,0
161,3,44.0,16.1,2,0,1,2,0,0,0,0,0,0,0,1,0,0,0,1,0,0,0,1,0,1,0,0
162,2,40.0,15.75,1,0,0,2,0,0,0,0,0,0,0,1,0,0,0,0,1,0,0,1,0,1,0,1
163,3,26.0,7.775,1,0,1,2,0,0,0,0,0,0,0,1,0,0,0,1,0,1,0,0,0,1,0,0
164,3,17.0,8.6625,1,0,1,2,0,0,0,0,0,0,0,1,0,1,0,0,0,0,1,0,0,0,1,0
165,3,1.0,39.6875,6,0,1,2,0,0,0,0,0,0,0,1,0,1,0,0,0,0,0,0,1,0,1,0
166,3,9.0,20.525,3,0,1,2,0,0,0,0,0,0,0,1,0,1,0,0,0,0,0,1,0,0,1,1
167,1,34.44476640197342,55.0,2,1,0,2,0,0,0,0,1,0,0,0,0,0,0,0,1,0,0,0,1,1,0,1
168,3,45.0,27.9,6,1,0,2,0,0,0,0,0,0,0,1,0,0,0,0,1,0,0,1,0,1,0,0
169,1,46.79180824890206,25.925,1,0,1,2,0,0,0,0,0,0,0,1,0,0,0,1,0,0,0,1,0,1,0,0
170,3,28.0,56.4958,1,0,1,2,0,0,0,0,0,0,0,1,0,0,0,1,0,0,0,0,1,1,0,0
171,1,61.0,33.5,1,0,1,2,0,1,0,0,0,0,0,0,0,0,0,1,0,0,0,0,1,1,0,0
172,3,4.0,29.125,6,0,1,1,0,0,0,0,0,0,0,1,0,1,0,0,0,0,0,1,0,0,1,0
173,3,1.0,11.1333,3,0,0,2,0,0,0,0,0,0,0,1,0,0,1,0,0,0,1,0,0,0,1,1
174,3,21.0,7.925,1,0,1,2,0,0,0,0,0,0,0,1,0,0,0,1,0,0,1,0,0,1,0,0
175,1,56.0,30.6958,1,0,1,0,1,0,0,0,0,0,0,0,0,0,0,1,0,0,0,1,0,1,0,0
176,3,18.0,7.8542,3,0,1,2,0,0,0,0,0,0,0,1,0,0,0,1,0,1,0,0,0,1,0,0
177,3,14.182486680320395,25.4667,5,0,1,2,0,0,0,0,0,0,0,1,0,1,0,0,0,0,0,1,0,0,1,0
178,1,50.0,28.7125,1,0,0,0,0,0,1,0,0,0,0,0,0,0,0,0,1,0,0,1,0,1,0,0
179,2,30.0,13.0,1,0,1,2,0,0,0,0,0,0,0,1,0,0,0,1,0,0,1,0,0,1,0,0
180,3,36.0,0.0,1,0,1,2,0,0,0,0,0,0,0,1,0,0,0,1,0,1,0,0,0,1,0,0
181,3,3.009133132322617,69.55,11,0,0,2,0,0,0,0,0,0,0,1,0,0,1,0,0,0,0,0,1,0,1,0
182,2,36.45957553330881,15.05,1,0,1,0,0,0,0,0,0,0,0,1,0,0,0,1,0,0,0,1,0,1,0,0
183,3,9.0,31.3875,7,0,1,2,0,0,0,0,0,0,0,1,0,1,0,0,0,0,0,0,1,0,1,0
184,2,1.0,39.0,4,0,1,2,0,0,0,0,0,1,0,0,0,1,0,0,0,0,0,0,1,0,1,1
185,3,4.0,22.025,3,0,0,2,0,0,0,0,0,0,0,1,0,0,1,0,0,0,0,1,0,0,1,1
186,1,46.500914175346374,50.0,1,0,1,2,1,0,0,0,0,0,0,0,0,0,0,1,0,0,0,0,1,1,0,0
187,3,15.7396099526351,15.5,2,0,0,1,0,0,0,0,0,0,0,1,0,0,1,0,0,0,0,1,0,0,1,1
188,1,45.0,26.55,1,0,1,2,0,0,0,0,0,0,0,1,0,0,0,1,0,0,0,1,0,1,0,1
189,3,40.0,15.5,3,0,1,1,0,0,0,0,0,0,0,1,0,0,0,1,0,0,0,1,0,1,0,0
190,3,36.0,7.8958,1,0,1,2,0,0,0,0,0,0,0,1,0,0,0,1,0,1,0,0,0,1,0,0
191,2,32.0,13.0,1,0,0,2,0,0,0,0,0,0,0,1,0,0,0,0,1,0,1,0,0,1,0,1
192,2,19.0,13.0,1,0,1,2,0,0,0,0,0,0,0,1,0,0,0,1,0,0,1,0,0,1,0,0
193,3,19.0,7.8542,2,0,0,2,0,0,0,0,0,0,0,1,0,0,0,0,1,1,0,0,0,1,0,1
194,2,3.0,26.0,3,0,1,2,0,0,0,0,0,1,0,0,0,1,0,0,0,0,0,1,0,0,1,1
195,1,44.0,27.7208,1,0,0,0,0,1,0,0,0,0,0,0,0,0,0,0,1,0,0,1,0,1,0,1
196,1,58.0,146.5208,1,0,0,0,0,1,0,0,0,0,0,0,0,0,0,0,1,0,0,0,1,1,0,1
197,3,26.084146709181322,7.75,1,0,1,1,0,0,0,0,0,0,0,1,0,0,0,1,0,1,0,0,0,1,0,0
198,3,42.0,8.4042,2,0,1,2,0,0,0,0,0,0,0,1,0,0,0,1,0,0,1,0,0,1,0,0
199,3,18.318940217533402,7.75,1,0,0,1,0,0,0,0,0,0,0,1,0,0,0,0,1,1,0,0,0,1,0,1
200,2,24.0,13.0,1,0,0,2,0,0,0,0,0,0,0,1,0,0,0,0,1,0,1,0,0,1,0,0
201,3,28.0,9.5,1,0,1,2,0,0,0,0,0,0,0,1,0,0,0,1,0,0,1,0,0,1,0,0
202,3,3.009133132322617,69.55,11,0,1,2,0,0,0,0,0,0,0,1,0,1,0,0,0,0,0,0,1,0,1,0
203,3,34.0,6.4958,1,0,1,2,0,0,0,0,0,0,0,1,0,0,0,1,0,1,0,0,0,1,0,0
204,3,45.5,7.225,1,0,1,0,0,0,0,0,0,0,0,1,0,0,0,1,0,1,0,0,0,1,0,0
205,3,18.0,8.05,1,0,1,2,0,0,0,0,0,0,0,1,0,0,0,1,0,0,1,0,0,1,0,1
206,3,2.0,10.4625,2,0,0,2,0,0,0,0,0,0,1,0,0,0,1,0,0,0,1,0,0,0,1,0
207,3,32.0,15.85,2,0,1,2,0,0,0,0,0,0,0,1,0,0,0,1,0,0,0,1,0,1,0,0
208,3,26.0,18.7875,1,0,1,0,0,0,0,0,0,0,0,1,0,0,0,1,0,0,0,1,0,1,0,1
209,3,16.0,7.75,1,0,0,1,0,0,0,0,0,0,0,1,0,0,1,0,0,1,0,0,0,0,1,1
210,1,40.0,31.0,1,0,1,0,1,0,0,0,0,0,0,0,0,0,0,1,0,0,0,1,0,1,0,1
211,3,24.0,7.05,1,0,1,2,0,0,0,0,0,0,0,1,0,0,0,1,0,1,0,0,0,1,0,0
212,2,35.0,21.0,1,0,0,2,0,0,0,0,0,0,0,1,0,0,0,0,1,0,0,1,0,1,0,1
213,3,22.0,7.25,1,0,1,2,0,0,0,0,0,0,0,1,0,0,0,1,0,1,0,0,0,1,0,0
214,2,30.0,13.0,1,0,1,2,0,0,0,0,0,0,0,1,0,0,0,1,0,0,1,0,0,1,0,0
215,3,23.59845835788868,7.75,2,0,1,1,0,0,0,0,0,0,0,1,0,0,0,1,0,1,0,0,0,1,0,0
216,1,31.0,113.275,2,0,0,0,0,0,0,1,0,0,0,0,0,0,0,0,1,0,0,0,1,1,0,1
217,3,27.0,7.925,1,0,0,2,0,0,0,0,0,0,0,1,0,0,0,0,1,0,1,0,0,1,0,1
218,2,42.0,27.0,2,0,1,2,0,0,0,0,0,0,0,1,0,0,0,1,0,0,0,1,0,1,0,0
219,1,32.0,76.2917,1,0,0,0,0,0,0,1,0,0,0,0,0,0,0,0,1,0,0,0,1,1,0,1
220,2,30.0,10.5,1,0,1,2,0,0,0,0,0,0,0,1,0,0,0,1,0,0,1,0,0,1,0,0
221,3,16.0,8.05,1,0,1,2,0,0,0,0,0,0,0,1,0,1,0,0,0,0,1,0,0,0,1,1
222,2,27.0,13.0,1,0,1,2,0,0,0,0,0,0,0,1,0,0,0,1,0,0,1,0,0,1,0,0
223,3,51.0,8.05,1,0,1,2,0,0,0,0,0,0,0,1,0,0,0,1,0,0,1,0,0,1,0,0
224,3,26.082385032922776,7.8958,1,0,1,2,0,0,0,0,0,0,0,1,0,0,0,1,0,1,0,0,0,1,0,0
225,1,38.0,90.0,2,0,1,2,0,0,1,0,0,0,0,0,0,0,0,1,0,0,0,0,1,1,0,1
226,3,22.0,9.35,1,0,1,2,0,0,0,0,0,0,0,1,0,0,0,1,0,0,1,0,0,1,0,0
227,2,19.0,10.5,1,0,1,2,0,0,0,0,0,0,0,1,0,0,0,1,0,0,1,0,0,1,0,1
228,3,20.5,7.25,1,0,1,2,0,0,0,0,0,0,0,1,0,0,0,1,0,1,0,0,0,1,0,0
229,2,18.0,13.0,1,0,1,2,0,0,0,0,0,0,0,1,0,0,0,1,0,0,1,0,0,1,0,0
230,3,14.182486680320395,25.4667,5,0,0,2,0,0,0,0,0,0,0,1,0,0,1,0,0,0,0,1,0,0,1,0
231,1,35.0,83.475,2,0,0,2,0,0,1,0,0,0,0,0,0,0,0,0,1,0,0,0,1,1,0,1
232,3,29.0,7.775,1,0,1,2,0,0,0,0,0,0,0,1,0,0,0,1,0,1,0,0,0,1,0,0
233,2,59.0,13.5,1,0,1,2,0,0,0,0,0,0,0,1,0,0,0,1,0,0,1,0,0,1,0,0
234,3,5.0,31.3875,7,0,0,2,0,0,0,0,0,0,0,1,0,0,1,0,0,0,0,0,1,0,1,1
235,2,24.0,10.5,1,0,1,2,0,0,0,0,0,0,0,1,0,0,0,1,0,0,1,0,0,1,0,0
236,3,26.086563274693724,7.55,1,0,0,2,0,0,0,0,0,0,0,1,0,0,0,0,1,1,0,0,0,1,0,0
237,2,44.0,26.0,2,0,1,2,0,0,0,0,0,0,0,1,0,0,0,1,0,0,0,1,0,1,0,0
238,2,8.0,26.25,3,0,0,2,0,0,0,0,0,0,0,1,0,0,1,0,0,0,0,1,0,0,1,1
239,2,19.0,10.5,1,0,1,2,0,0,0,0,0,0,0,1,0,0,0,1,0,0,1,0,0,1,0,0
240,2,33.0,12.275,1,0,1,2,0,0,0,0,0,0,0,1,0,0,0,1,0,0,1,0,0,1,0,0
241,3,23.517452665347378,14.4542,2,0,0,0,0,0,0,0,0,0,0,1,0,0,0,0,1,0,1,0,0,1,0,0
242,3,15.7396099526351,15.5,2,0,0,1,0,0,0,0,0,0,0,1,0,0,1,0,0,0,0,1,0,0,1,1
243,2,29.0,10.5,1,0,1,2,0,0,0,0,0,0,0,1,0,0,0,1,0,0,1,0,0,1,0,0
244,3,22.0,7.125,1,0,1,2,0,0,0,0,0,0,0,1,0,0,0,1,0,1,0,0,0,1,0,0
245,3,30.0,7.225,1,0,1,0,0,0,0,0,0,0,0,1,0,0,0,1,0,1,0,0,0,1,0,0
246,1,44.0,90.0,3,0,1,1,0,0,1,0,0,0,0,0,0,0,0,1,0,0,0,0,1,1,0,0
247,3,25.0,7.775,1,0,0,2,0,0,0,0,0,0,0,1,0,0,0,0,1,1,0,0,0,1,0,0
248,2,24.0,14.5,3,1,0,2,0,0,0,0,0,0,0,1,0,0,0,0,1,0,0,1,0,1,0,1
249,1,37.0,52.5542,3,0,1,2,0,0,0,1,0,0,0,0,0,0,0,1,0,0,0,0,1,1,0,1
250,2,54.0,26.0,2,0,1,2,0,0,0,0,0,0,0,1,0,0,0,1,0,0,0,1,0,1,0,0
251,3,26.09018812296233,7.25,1,0,1,2,0,0,0,0,0,0,0,1,0,0,0,1,0,1,0,0,0,1,0,0
252,3,29.0,10.4625,3,1,0,2,0,0,0,0,0,0,1,0,0,0,0,0,1,0,1,0,0,1,0,0
253,1,62.0,26.55,1,0,1,2,0,0,1,0,0,0,0,0,0,0,0,1,0,0,0,1,0,1,0,0
254,3,30.0,16.1,2,0,1,2,0,0,0,0,0,0,0,1,0,0,0,1,0,0,0,1,0,1,0,0
255,3,41.0,20.2125,3,1,0,2,0,0,0,0,0,0,0,1,0,0,0,0,1,0,0,1,0,1,0,0
256,3,29.0,15.2458,3,1,0,0,0,0,0,0,0,0,0,1,0,0,0,0,1,0,0,1,0,1,0,1
257,1,38.38288911888742,79.2,1,0,0,0,0,0,0,0,0,0,0,1,0,0,0,0,1,0,0,0,1,1,0,1
258,1,30.0,86.5,1,0,0,2,0,1,0,0,0,0,0,0,0,0,0,0,1,0,0,0,1,1,0,1
259,1,35.0,512.3292,1,0,0,0,0,0,0,0,0,0,0,1,0,0,0,0,1,0,0,0,1,1,0,1
260,2,50.0,26.0,2,1,0,2,0,0,0,0,0,0,0,1,0,0,0,0,1,0,0,1,0,1,0,1
261,3,26.084146709181322,7.75,1,0,1,1,0,0,0,0,0,0,0,1,0,0,0,1,0,1,0,0,0,1,0,0
262,3,3.0,31.3875,7,0,1,2,0,0,0,0,0,0,0,1,0,1,0,0,0,0,0,0,1,0,1,1
263,1,52.0,79.65,3,0,1,2,0,0,0,0,1,0,0,0,0,0,0,1,0,0,0,0,1,1,0,0
264,1,40.0,0.0,1,0,1,2,0,1,0,0,0,0,0,0,0,0,0,1,0,1,0,0,0,1,0,0
265,3,26.084146709181322,7.75,1,0,0,1,0,0,0,0,0,0,0,1,0,0,0,0,1,1,0,0,0,1,0,0
266,2,36.0,10.5,1,0,1,2,0,0,0,0,0,0,0,1,0,0,0,1,0,0,1,0,0,1,0,0
267,3,16.0,39.6875,6,0,1,2,0,0,0,0,0,0,0,1,0,1,0,0,0,0,0,0,1,0,1,0
268,3,25.0,7.775,2,0,1,2,0,0,0,0,0,0,0,1,0,0,0,1,0,1,0,0,0,1,0,1
269,1,58.0,153.4625,2,1,0,2,0,0,1,0,0,0,0,0,0,0,0,0,1,0,0,0,1,1,0,1
270,1,35.0,135.6333,1,0,0,2,0,0,1,0,0,0,0,0,0,0,0,0,1,0,0,0,1,1,0,1
271,1,46.730487899024794,31.0,1,0,1,2,0,0,0,0,0,0,0,1,0,0,0,1,0,0,0,1,0,1,0,0
272,3,25.0,0.0,1,0,1,2,0,0,0,0,0,0,0,1,0,0,0,1,0,1,0,0,0,1,0,1
273,2,41.0,19.5,2,1,0,2,0,0,0,0,0,0,0,1,0,0,0,0,1,0,0,1,0,1,0,1
274,1,37.0,29.7,2,0,1,0,0,0,1,0,0,0,0,0,0,0,0,1,0,0,0,1,0,1,0,0
275,3,18.318940217533402,7.75,1,0,0,1,0,0,0,0,0,0,0,1,0,0,0,0,1,1,0,0,0,1,0,1
276,1,63.0,77.9583,2,0,0,2,0,0,0,1,0,0,0,0,0,0,0,0,1,0,0,0,1,1,0,1
277,3,45.0,7.75,1,0,0,2,0,0,0,0,0,0,0,1,0,0,0,0,1,1,0,0,0,1,0,0
278,2,36.64142208811724,0.0,1,0,1,2,0,0,0,0,0,0,0,1,0,0,0,1,0,1,0,0,0,1,0,0
279,3,7.0,29.125,6,0,1,1,0,0,0,0,0,0,0,1,0,1,0,0,0,0,0,1,0,0,1,0
280,3,35.0,20.25,3,1,0,2,0,0,0,0,0,0,0,1,0,0,0,0,1,0,0,1,0,1,0,1
281,3,65.0,7.75,1,0,1,1,0,0,0,0,0,0,0,1,0,0,0,1,0,1,0,0,0,1,0,0
282,3,28.0,7.8542,1,0,1,2,0,0,0,0,0,0,0,1,0,0,0,1,0,1,0,0,0,1,0,0
283,3,16.0,9.5,1,0,1,2,0,0,0,0,0,0,0,1,0,1,0,0,0,0,1,0,0,0,1,0
284,3,19.0,8.05,1,0,1,2,0,0,0,0,0,0,0,1,0,0,0,1,0,0,1,0,0,1,0,1
285,1,46.7909020368349,26.0,1,0,1,2,1,0,0,0,0,0,0,0,0,0,0,1,0,0,0,1,0,1,0,0
286,3,33.0,8.6625,1,0,1,0,0,0,0,0,0,0,0,1,0,0,0,1,0,0,1,0,0,1,0,0
287,3,30.0,9.5,1,0,1,2,0,0,0,0,0,0,0,1,0,0,0,1,0,0,1,0,0,1,0,1
288,3,22.0,7.8958,1,0,1,2,0,0,0,0,0,0,0,1,0,0,0,1,0,1,0,0,0,1,0,0
289,2,42.0,13.0,1,0,1,2,0,0,0,0,0,0,0,1,0,0,0,1,0,0,1,0,0,1,0,1
290,3,22.0,7.75,1,0,0,1,0,0,0,0,0,0,0,1,0,0,0,0,1,1,0,0,0,1,0,1
291,1,26.0,78.85,1,0,0,2,0,0,0,0,0,0,0,1,0,0,0,0,1,0,0,0,1,1,0,1
292,1,19.0,91.0792,2,0,0,0,0,1,0,0,0,0,0,0,0,0,0,0,1,0,0,0,1,1,0,1
293,2,36.0,12.875,1,0,1,0,0,0,0,1,0,0,0,0,0,0,0,1,0,0,1,0,0,1,0,0
294,3,24.0,8.85,1,0,0,2,0,0,0,0,0,0,0,1,0,0,0,0,1,0,1,0,0,1,0,0
295,3,24.0,7.8958,1,0,1,2,0,0,0,0,0,0,0,1,0,0,0,1,0,1,0,0,0,1,0,0
296,1,46.77010990716617,27.7208,1,0,1,0,0,0,0,0,0,0,0,1,0,0,0,1,0,0,0,1,0,1,0,0
297,3,23.5,7.2292,1,0,1,0,0,0,0,0,0,0,0,1,0,0,0,1,0,1,0,0,0,1,0,0
298,1,2.0,151.55,4,0,0,2,0,0,1,0,0,0,0,0,0,0,1,0,0,0,0,0,1,0,1,0
299,1,38.97132282115789,30.5,1,0,1,2,0,0,1,0,0,0,0,0,0,0,0,1,0,0,0,1,0,1,0,1
300,1,50.0,247.5208,2,1,0,0,0,1,0,0,0,0,0,0,0,0,0,0,1,0,0,0,1,1,0,1
301,3,18.318940217533402,7.75,1,0,0,1,0,0,0,0,0,0,0,1,0,0,0,0,1,1,0,0,0,1,0,1
302,3,13.16027968773679,23.25,3,0,1,1,0,0,0,0,0,0,0,1,0,1,0,0,0,0,0,1,0,0,1,1
303,3,19.0,0.0,1,0,1,2,0,0,0,0,0,0,0,1,0,0,0,1,0,1,0,0,0,1,0,0
304,2,28.726992676078346,12.35,1,0,0,1,0,0,0,0,1,0,0,0,0,0,0,0,1,0,1,0,0,1,0,1
305,3,26.080521860912715,8.05,1,0,1,2,0,0,0,0,0,0,0,1,0,0,0,1,0,0,1,0,0,1,0,0
306,1,0.92,151.55,4,0,1,2,0,0,1,0,0,0,0,0,0,1,0,0,0,0,0,0,1,0,1,1
307,1,38.0000652683916,110.8833,1,0,0,0,0,0,0,0,0,0,0,1,0,0,0,0,1,0,0,0,1,1,0,1
308,1,17.0,108.9,2,0,0,0,0,0,1,0,0,0,0,0,0,0,1,0,0,0,0,0,1,0,1,1
309,2,30.0,24.0,2,0,1,0,0,0,0,0,0,0,0,1,0,0,0,1,0,0,0,1,0,1,0,0
310,1,30.0,56.9292,1,0,0,0,0,0,0,0,1,0,0,0,0,0,0,0,1,0,0,0,1,1,0,1
311,1,24.0,83.1583,1,0,0,0,0,0,1,0,0,0,0,0,0,0,0,0,1,0,0,0,1,1,0,1
312,1,18.0,262.375,5,1,0,0,0,1,0,0,0,0,0,0,0,0,0,0,1,0,0,0,1,1,0,1
313,2,26.0,26.0,3,1,0,2,0,0,0,0,0,0,0,1,0,0,0,0,1,0,0,1,0,1,0,0
314,3,28.0,7.8958,1,0,1,2,0,0,0,0,0,0,0,1,0,0,0,1,0,1,0,0,0,1,0,0
315,2,43.0,26.25,3,0,1,2,0,0,0,0,0,0,0,1,0,0,0,1,0,0,0,1,0,1,0,0
316,3,26.0,7.8542,1,0,0,2,0,0,0,0,0,0,0,1,0,0,0,0,1,1,0,0,0,1,0,1
317,2,24.0,26.0,2,0,0,2,0,0,0,0,0,0,0,1,0,0,0,0,1,0,0,1,0,1,0,1
318,2,54.0,14.0,1,0,1,2,0,0,0,0,0,0,0,1,0,0,0,1,0,0,1,0,0,1,0,0
319,1,31.0,164.8667,3,1,0,2,0,0,1,0,0,0,0,0,0,0,0,0,1,0,0,0,1,1,0,1
320,1,40.0,134.5,3,1,0,0,0,0,0,0,1,0,0,0,0,0,0,0,1,0,0,0,1,1,0,1
321,3,22.0,7.25,1,0,1,2,0,0,0,0,0,0,0,1,0,0,0,1,0,1,0,0,0,1,0,0
322,3,27.0,7.8958,1,0,1,2,0,0,0,0,0,0,0,1,0,0,0,1,0,1,0,0,0,1,0,0
323,2,30.0,12.35,1,0,0,1,0,0,0,0,0,0,0,1,0,0,0,0,1,0,1,0,0,1,0,1
324,2,22.0,29.0,3,1,0,2,0,0,0,0,0,0,0,1,0,0,0,0,1,0,0,1,0,1,0,1
325,3,3.009133132322617,69.55,11,0,1,2,0,0,0,0,0,0,0,1,0,1,0,0,0,0,0,0,1,0,1,0
326,1,36.0,135.6333,1,0,0,0,0,0,1,0,0,0,0,0,0,0,0,0,1,0,0,0,1,1,0,1
327,3,61.0,6.2375,1,0,1,2,0,0,0,0,0,0,0,1,0,0,0,1,0,1,0,0,0,1,0,0
328,2,36.0,13.0,1,0,0,2,0,0,0,1,0,0,0,0,0,0,0,0,1,0,1,0,0,1,0,1
329,3,31.0,20.525,3,1,0,2,0,0,0,0,0,0,0,1,0,0,0,0,1,0,0,1,0,1,0,1
330,1,16.0,57.9792,2,0,0,0,0,1,0,0,0,0,0,0,0,0,1,0,0,0,0,0,1,0,1,1
331,3,13.16027968773679,23.25,3,0,0,1,0,0,0,0,0,0,0,1,0,0,1,0,0,0,0,1,0,0,1,1
332,1,45.5,28.5,1,0,1,2,0,0,1,0,0,0,0,0,0,0,0,1,0,0,0,1,0,1,0,0
333,1,38.0,153.4625,2,0,1,2,0,0,1,0,0,0,0,0,0,0,0,1,0,0,0,0,1,1,0,0
334,3,16.0,18.0,3,0,1,2,0,0,0,0,0,0,0,1,0,1,0,0,0,0,0,1,0,0,1,0
335,1,35.239290806842675,133.65,2,0,0,2,0,0,0,0,0,0,0,1,0,0,0,0,1,0,0,0,1,1,0,1
336,3,26.082385032922776,7.8958,1,0,1,2,0,0,0,0,0,0,0,1,0,0,0,1,0,1,0,0,0,1,0,0
337,1,29.0,66.6,2,0,1,2,0,0,1,0,0,0,0,0,0,0,0,1,0,0,0,0,1,1,0,0
338,1,41.0,134.5,1,0,0,0,0,0,0,0,1,0,0,0,0,0,0,0,1,0,0,0,1,1,0,1
339,3,45.0,8.05,1,0,1,2,0,0,0,0,0,0,0,1,0,0,0,1,0,0,1,0,0,1,0,1
340,1,45.0,35.5,1,0,1,2,0,0,0,0,0,0,0,1,0,0,0,1,0,0,0,0,1,1,0,0
341,2,2.0,26.0,3,0,1,2,0,0,0,0,0,1,0,0,0,1,0,0,0,0,0,1,0,0,1,1
342,1,24.0,263.0,6,1,0,2,0,0,1,0,0,0,0,0,0,0,0,0,1,0,0,0,1,1,0,1
343,2,28.0,13.0,1,0,1,2,0,0,0,0,0,0,0,1,0,0,0,1,0,0,1,0,0,1,0,0
344,2,25.0,13.0,1,0,1,2,0,0,0,0,0,0,0,1,0,0,0,1,0,0,1,0,0,1,0,0
345,2,36.0,13.0,1,0,1,2,0,0,0,0,0,0,0,1,0,0,0,1,0,0,1,0,0,1,0,0
346,2,24.0,13.0,1,0,0,2,0,0,0,0,0,1,0,0,0,0,0,0,1,0,1,0,0,1,0,1
347,2,40.0,13.0,1,0,0,2,0,0,0,0,0,0,0,1,0,0,0,0,1,0,1,0,0,1,0,1
348,3,15.732360256097884,16.1,2,0,0,2,0,0,0,0,0,0,0,1,0,0,1,0,0,0,0,1,0,0,1,1
349,3,3.0,15.9,3,0,1,2,0,0,0,0,0,0,0,1,0,1,0,0,0,0,0,1,0,0,1,1
350,3,42.0,8.6625,1,0,1,2,0,0,0,0,0,0,0,1,0,0,0,1,0,0,1,0,0,1,0,0
351,3,23.0,9.225,1,0,1,2,0,0,0,0,0,0,0,1,0,0,0,1,0,0,1,0,0,1,0,0
352,1,46.68215658877671,35.0,1,0,1,2,0,0,1,0,0,0,0,0,0,0,0,1,0,0,0,0,1,1,0,0
353,3,15.0,7.2292,3,0,1,0,0,0,0,0,0,0,0,1,0,1,0,0,0,1,0,0,0,0,1,0
354,3,25.0,17.8,2,0,1,2,0,0,0,0,0,0,0,1,0,0,0,1,0,0,0,1,0,1,0,0
355,3,26.090490193651384,7.225,1,0,1,0,0,0,0,0,0,0,0,1,0,0,0,1,0,1,0,0,0,1,0,0
356,3,28.0,9.5,1,0,1,2,0,0,0,0,0,0,0,1,0,0,0,1,0,0,1,0,0,1,0,0
357,1,22.0,55.0,2,1,0,2,0,0,0,0,1,0,0,0,0,0,0,0,1,0,0,0,1,1,0,1
358,2,38.0,13.0,1,0,0,2,0,0,0,0,0,0,0,1,0,0,0,0,1,0,1,0,0,1,0,0
359,3,18.317379116212393,7.8792,1,0,0,1,0,0,0,0,0,0,0,1,0,0,0,0,1,1,0,0,0,1,0,1
360,3,18.317379116212393,7.8792,1,0,0,1,0,0,0,0,0,0,0,1,0,0,0,0,1,1,0,0,0,1,0,1
361,3,40.0,27.9,6,0,1,2,0,0,0,0,0,0,0,1,0,0,0,1,0,0,0,1,0,1,0,0
362,2,29.0,27.7208,2,0,1,0,0,0,0,0,0,0,0,1,0,0,0,1,0,0,0,1,0,1,0,0
363,3,45.0,14.4542,2,1,0,0,0,0,0,0,0,0,0,1,0,0,0,0,1,0,1,0,0,1,0,0
364,3,35.0,7.05,1,0,1,2,0,0,0,0,0,0,0,1,0,0,0,1,0,1,0,0,0,1,0,0
365,3,23.504816444283016,15.5,2,0,1,1,0,0,0,0,0,0,0,1,0,0,0,1,0,0,0,1,0,1,0,0
366,3,30.0,7.25,1,0,1,2,0,0,0,0,0,0,0,1,0,0,0,1,0,1,0,0,0,1,0,0
367,1,60.0,75.25,2,0,0,0,0,0,0,1,0,0,0,0,0,0,0,0,1,0,0,0,1,1,0,1
368,3,18.325232954127706,7.2292,1,0,0,0,0,0,0,0,0,0,0,1,0,0,0,0,1,1,0,0,0,1,0,1
369,3,18.318940217533402,7.75,1,0,0,1,0,0,0,0,0,0,0,1,0,0,0,0,1,1,0,0,0,1,0,1
370,1,24.0,69.3,1,0,0,0,0,1,0,0,0,0,0,0,0,0,0,0,1,0,0,0,1,1,0,1
371,1,25.0,55.4417,2,0,1,0,0,0,0,0,1,0,0,0,0,0,0,1,0,0,0,0,1,1,0,1
372,3,18.0,6.4958,2,0,1,2,0,0,0,0,0,0,0,1,0,0,0,1,0,1,0,0,0,1,0,0
373,3,19.0,8.05,1,0,1,2,0,0,0,0,0,0,0,1,0,0,0,1,0,0,1,0,0,1,0,0
374,1,22.0,135.6333,1,0,1,0,0,0,0,0,0,0,0,1,0,0,0,1,0,0,0,0,1,1,0,0
375,3,3.0,21.075,5,0,0,2,0,0,0,0,0,0,0,1,0,0,1,0,0,0,0,1,0,0,1,0
376,1,35.861305103473526,82.1708,2,0,0,0,0,0,0,0,0,0,0,1,0,0,0,0,1,0,0,0,1,1,0,1
377,3,22.0,7.25,1,0,0,2,0,0,0,0,0,0,0,1,0,0,0,0,1,1,0,0,0,1,0,1
378,1,27.0,211.5,3,0,1,0,0,0,1,0,0,0,0,0,0,0,0,1,0,0,0,0,1,1,0,0
379,3,20.0,4.0125,1,0,1,0,0,0,0,0,0,0,0,1,0,0,0,1,0,1,0,0,0,1,0,0
380,3,19.0,7.775,1,0,1,2,0,0,0,0,0,0,0,1,0,0,0,1,0,1,0,0,0,1,0,0
381,1,42.0,227.525,1,0,0,0,0,0,0,0,0,0,0,1,0,0,0,0,1,0,0,0,1,1,0,1
382,3,1.0,15.7417,3,0,0,0,0,0,0,0,0,0,0,1,0,0,1,0,0,0,0,1,0,0,1,1
383,3,32.0,7.925,1,0,1,2,0,0,0,0,0,0,0,1,0,0,0,1,0,0,1,0,0,1,0,0
384,1,35.0,52.0,2,0,0,2,0,0,0,0,0,0,0,1,0,0,0,0,1,0,0,0,1,1,0,1
385,3,26.082385032922776,7.8958,1,0,1,2,0,0,0,0,0,0,0,1,0,0,0,1,0,1,0,0,0,1,0,0
386,2,18.0,73.5,1,0,1,2,0,0,0,0,0,0,0,1,0,0,0,1,0,0,0,0,1,1,0,0
387,3,1.0,46.9,8,0,1,2,0,0,0,0,0,0,0,1,0,1,0,0,0,0,0,0,1,0,1,0
388,2,36.0,13.0,1,0,0,2,0,0,0,0,0,0,0,1,0,0,0,0,1,0,1,0,0,1,0,1
389,3,26.08439803199461,7.7292,1,0,1,1,0,0,0,0,0,0,0,1,0,0,0,1,0,1,0,0,0,1,0,0
390,2,17.0,12.0,1,0,0,0,0,0,0,0,0,0,0,1,0,0,1,0,0,0,1,0,0,0,1,1
391,1,36.0,120.0,4,0,1,2,0,1,0,0,0,0,0,0,0,0,0,1,0,0,0,0,1,1,0,1
392,3,21.0,7.7958,1,0,1,2,0,0,0,0,0,0,0,1,0,0,0,1,0,1,0,0,0,1,0,1
393,3,28.0,7.925,3,0,1,2,0,0,0,0,0,0,0,1,0,0,0,1,0,0,1,0,0,1,0,0
394,1,23.0,113.275,2,0,0,0,0,0,0,1,0,0,0,0,0,0,0,0,1,0,0,0,1,1,0,1
395,3,24.0,16.7,3,1,0,2,0,0,0,0,0,0,1,0,0,0,0,0,1,0,0,1,0,1,0,1
396,3,22.0,7.7958,1,0,1,2,0,0,0,0,0,0,0,1,0,0,0,1,0,1,0,0,0,1,0,0
397,3,31.0,7.8542,1,0,0,2,0,0,0,0,0,0,0,1,0,0,0,0,1,1,0,0,0,1,0,0
398,2,46.0,26.0,1,0,1,2,0,0,0,0,0,0,0,1,0,0,0,1,0,0,0,1,0,1,0,0
399,2,23.0,10.5,1,0,1,2,0,0,0,0,0,0,0,1,0,0,0,1,0,0,1,0,0,1,0,0
400,2,28.0,12.65,1,0,0,2,0,0,0,0,0,0,0,1,0,0,0,0,1,0,1,0,0,1,0,1
401,3,39.0,7.925,1,0,1,2,0,0,0,0,0,0,0,1,0,0,0,1,0,0,1,0,0,1,0,1
402,3,26.0,8.05,1,0,1,2,0,0,0,0,0,0,0,1,0,0,0,1,0,0,1,0,0,1,0,0
403,3,21.0,9.825,2,0,0,2,0,0,0,0,0,0,0,1,0,0,0,0,1,0,1,0,0,1,0,0
404,3,28.0,15.85,2,0,1,2,0,0,0,0,0,0,0,1,0,0,0,1,0,0,0,1,0,1,0,0
405,3,20.0,8.6625,1,0,0,2,0,0,0,0,0,0,0,1,0,0,0,0,1,0,1,0,0,1,0,0
406,2,34.0,21.0,2,0,1,2,0,0,0,0,0,0,0,1,0,0,0,1,0,0,0,1,0,1,0,0
407,3,51.0,7.75,1,0,1,2,0,0,0,0,0,0,0,1,0,0,0,1,0,1,0,0,0,1,0,0
408,2,3.0,18.75,3,0,1,2,0,0,0,0,0,0,0,1,0,1,0,0,0,0,0,1,0,0,1,1
409,3,21.0,7.775,1,0,1,2,0,0,0,0,0,0,0,1,0,0,0,1,0,1,0,0,0,1,0,0
410,3,14.182486680320395,25.4667,5,0,0,2,0,0,0,0,0,0,0,1,0,0,1,0,0,0,0,1,0,0,1,0
411,3,26.082385032922776,7.8958,1,0,1,2,0,0,0,0,0,0,0,1,0,0,0,1,0,1,0,0,0,1,0,0
412,3,26.094920966518377,6.8583,1,0,1,1,0,0,0,0,0,0,0,1,0,0,0,1,0,1,0,0,0,1,0,0
413,1,33.0,90.0,2,0,0,1,0,0,1,0,0,0,0,0,0,0,0,0,1,0,0,0,1,1,0,1
414,2,36.64142208811724,0.0,1,0,1,2,0,0,0,0,0,0,0,1,0,0,0,1,0,1,0,0,0,1,0,0
415,3,44.0,7.925,1,0,1,2,0,0,0,0,0,0,0,1,0,0,0,1,0,0,1,0,0,1,0,1
416,3,26.080521860912715,8.05,1,0,0,2,0,0,0,0,0,0,0,1,0,0,0,0,1,0,1,0,0,1,0,0
417,2,34.0,32.5,3,1,0,2,0,0,0,0,0,0,0,1,0,0,0,0,1,0,0,0,1,1,0,1
418,2,18.0,13.0,3,1,0,2,0,0,0,0,0,0,0,1,0,0,0,0,1,0,1,0,0,1,0,1
419,2,30.0,13.0,1,0,1,2,0,0,0,0,0,0,0,1,0,0,0,1,0,0,1,0,0,1,0,0
420,3,10.0,24.15,3,0,0,2,0,0,0,0,0,0,0,1,0,0,1,0,0,0,0,1,0,0,1,0
421,3,26.082385032922776,7.8958,1,0,1,0,0,0,0,0,0,0,0,1,0,0,0,1,0,1,0,0,0,1,0,0
422,3,21.0,7.7333,1,0,1,1,0,0,0,0,0,0,0,1,0,0,0,1,0,1,0,0,0,1,0,0
423,3,29.0,7.875,1,0,1,2,0,0,0,0,0,0,0,1,0,0,0,1,0,1,0,0,0,1,0,0
424,3,28.0,14.4,3,1,0,2,0,0,0,0,0,0,0,1,0,0,0,0,1,0,1,0,0,1,0,0
425,3,18.0,20.2125,3,0,1,2,0,0,0,0,0,0,0,1,0,0,0,1,0,0,0,1,0,1,0,0
426,3,26.09018812296233,7.25,1,0,1,2,0,0,0,0,0,0,0,1,0,0,0,1,0,1,0,0,0,1,0,0
427,2,28.0,26.0,2,0,0,2,0,0,0,0,0,0,0,1,0,0,0,0,1,0,0,1,0,1,0,1
428,2,19.0,26.0,1,0,0,2,0,0,0,0,0,0,0,1,0,0,0,0,1,0,0,1,0,1,0,1
429,3,26.084146709181322,7.75,1,0,1,1,0,0,0,0,0,0,0,1,0,0,0,1,0,1,0,0,0,1,0,0
430,3,32.0,8.05,1,0,1,2,0,0,0,0,1,0,0,0,0,0,0,1,0,0,1,0,0,1,0,1
431,1,28.0,26.55,1,0,1,2,0,0,1,0,0,0,0,0,0,0,0,1,0,0,0,1,0,1,0,1
432,3,15.732360256097884,16.1,2,0,0,2,0,0,0,0,0,0,0,1,0,0,1,0,0,0,0,1,0,0,1,1
433,2,42.0,26.0,2,0,0,2,0,0,0,0,0,0,0,1,0,0,0,0,1,0,0,1,0,1,0,1
434,3,17.0,7.125,1,0,1,2,0,0,0,0,0,0,0,1,0,1,0,0,0,1,0,0,0,0,1,0
435,1,50.0,55.9,2,0,1,2,0,0,0,0,1,0,0,0,0,0,0,1,0,0,0,0,1,1,0,0
436,1,14.0,120.0,4,0,0,2,0,1,0,0,0,0,0,0,0,0,1,0,0,0,0,0,1,0,1,1
437,3,21.0,34.375,5,1,0,2,0,0,0,0,0,0,0,1,0,0,0,0,1,0,0,0,1,1,0,0
438,2,24.0,18.75,6,1,0,2,0,0,0,0,0,0,0,1,0,0,0,0,1,0,0,1,0,1,0,1
439,1,64.0,263.0,6,0,1,2,0,0,1,0,0,0,0,0,0,0,0,1,0,0,0,0,1,1,0,0
440,2,31.0,10.5,1,0,1,2,0,0,0,0,0,0,0,1,0,0,0,1,0,0,1,0,0,1,0,0
441,2,45.0,26.25,3,1,0,2,0,0,0,0,0,0,0,1,0,0,0,0,1,0,0,1,0,1,0,1
442,3,20.0,9.5,1,0,1,2,0,0,0,0,0,0,0,1,0,0,0,1,0,0,1,0,0,1,0,0
443,3,25.0,7.775,2,0,1,2,0,0,0,0,0,0,0,1,0,0,0,1,0,1,0,0,0,1,0,0
444,2,28.0,13.0,1,0,0,2,0,0,0,0,0,0,0,1,0,0,0,0,1,0,1,0,0,1,0,1
445,3,18.314560192542174,8.1125,1,0,1,2,0,0,0,0,0,0,0,1,0,0,0,1,0,0,1,0,0,1,0,1
446,1,4.0,81.8583,3,0,1,2,1,0,0,0,0,0,0,0,0,1,0,0,0,0,0,0,1,0,1,1
447,2,13.0,19.5,2,0,0,2,0,0,0,0,0,0,0,1,0,0,1,0,0,0,0,1,0,0,1,1
448,1,34.0,26.55,1,0,1,2,0,0,0,0,0,0,0,1,0,0,0,1,0,0,0,1,0,1,0,1
449,3,5.0,19.2583,4,0,0,0,0,0,0,0,0,0,0,1,0,0,1,0,0,0,0,1,0,0,1,1
450,1,52.0,30.5,1,0,1,2,0,0,1,0,0,0,0,0,0,0,0,1,0,0,0,1,0,1,0,1
451,2,36.0,27.75,4,0,1,2,0,0,0,0,0,0,0,1,0,0,0,1,0,0,0,1,0,1,0,0
452,3,23.45084607841173,19.9667,2,0,1,2,0,0,0,0,0,0,0,1,0,0,0,1,0,0,0,1,0,1,0,0
453,1,30.0,27.75,1,0,1,0,0,0,1,0,0,0,0,0,0,0,0,1,0,0,0,1,0,1,0,0
454,1,49.0,89.1042,2,0,1,0,0,0,1,0,0,0,0,0,0,0,0,1,0,0,0,0,1,1,0,1
455,3,26.080521860912715,8.05,1,0,1,2,0,0,0,0,0,0,0,1,0,0,0,1,0,0,1,0,0,1,0,0
456,3,29.0,7.8958,1,0,1,0,0,0,0,0,0,0,0,1,0,0,0,1,0,1,0,0,0,1,0,1
457,1,65.0,26.55,1,0,1,2,0,0,0,0,1,0,0,0,0,0,0,1,0,0,0,1,0,1,0,0
458,1,36.22751506607156,51.8625,2,0,0,2,0,0,0,1,0,0,0,0,0,0,0,0,1,0,0,0,1,1,0,1
459,2,50.0,10.5,1,0,0,2,0,0,0,0,0,0,0,1,0,0,0,0,1,0,1,0,0,1,0,1
460,3,26.084146709181322,7.75,1,0,1,1,0,0,0,0,0,0,0,1,0,0,0,1,0,1,0,0,0,1,0,0
461,1,48.0,26.55,1,0,1,2,0,0,0,0,1,0,0,0,0,0,0,1,0,0,0,1,0,1,0,1
462,3,34.0,8.05,1,0,1,2,0,0,0,0,0,0,0,1,0,0,0,1,0,0,1,0,0,1,0,0
463,1,47.0,38.5,1,0,1,2,0,0,0,0,1,0,0,0,0,0,0,1,0,0,0,0,1,1,0,0
464,2,48.0,13.0,1,0,1,2,0,0,0,0,0,0,0,1,0,0,0,1,0,0,1,0,0,1,0,0
465,3,26.080521860912715,8.05,1,0,1,2,0,0,0,0,0,0,0,1,0,0,0,1,0,0,1,0,0,1,0,0
466,3,38.0,7.05,1,0,1,2,0,0,0,0,0,0,0,1,0,0,0,1,0,1,0,0,0,1,0,0
467,2,36.64142208811724,0.0,1,0,1,2,0,0,0,0,0,0,0,1,0,0,0,1,0,1,0,0,0,1,0,0
468,1,56.0,26.55,1,0,1,2,0,0,0,0,0,0,0,1,0,0,0,1,0,0,0,1,0,1,0,0
469,3,26.08444877987037,7.725,1,0,1,1,0,0,0,0,0,0,0,1,0,0,0,1,0,1,0,0,0,1,0,0
470,3,0.75,19.2583,4,0,0,0,0,0,0,0,0,0,0,1,0,0,1,0,0,0,0,1,0,0,1,1
471,3,26.09018812296233,7.25,1,0,1,2,0,0,0,0,0,0,0,1,0,0,0,1,0,1,0,0,0,1,0,0
472,3,38.0,8.6625,1,0,1,2,0,0,0,0,0,0,0,1,0,0,0,1,0,0,1,0,0,1,0,0
473,2,33.0,27.75,4,1,0,2,0,0,0,0,0,0,0,1,0,0,0,0,1,0,0,1,0,1,0,1
474,2,23.0,13.7917,1,0,0,0,0,0,0,1,0,0,0,0,0,0,0,0,1,0,1,0,0,1,0,1
475,3,22.0,9.8375,1,0,0,2,0,0,0,0,0,0,0,1,0,0,0,0,1,0,1,0,0,1,0,0
476,1,46.47674852022233,52.0,1,0,1,2,1,0,0,0,0,0,0,0,0,0,0,1,0,0,0,0,1,1,0,0
477,2,34.0,21.0,2,0,1,2,0,0,0,0,0,0,0,1,0,0,0,1,0,0,0,1,0,1,0,0
478,3,29.0,7.0458,2,0,1,2,0,0,0,0,0,0,0,1,0,0,0,1,0,1,0,0,0,1,0,0
479,3,22.0,7.5208,1,0,1,2,0,0,0,0,0,0,0,1,0,0,0,1,0,1,0,0,0,1,0,0
480,3,2.0,12.2875,2,0,0,2,0,0,0,0,0,0,0,1,0,0,1,0,0,0,1,0,0,0,1,1
481,3,9.0,46.9,8,0,1,2,0,0,0,0,0,0,0,1,0,1,0,0,0,0,0,0,1,0,1,0
482,2,36.64142208811724,0.0,1,0,1,2,0,0,0,0,0,0,0,1,0,0,0,1,0,1,0,0,0,1,0,0
483,3,50.0,8.05,1,0,1,2,0,0,0,0,0,0,0,1,0,0,0,1,0,0,1,0,0,1,0,0
484,3,63.0,9.5875,1,0,0,2,0,0,0,0,0,0,0,1,0,0,0,0,1,0,1,0,0,1,0,1
485,1,25.0,91.0792,2,0,1,0,0,1,0,0,0,0,0,0,0,0,0,1,0,0,0,0,1,1,0,1
486,3,14.182486680320395,25.4667,5,0,0,2,0,0,0,0,0,0,0,1,0,0,1,0,0,0,0,1,0,0,1,0
487,1,35.0,90.0,2,0,0,2,0,0,1,0,0,0,0,0,0,0,0,0,1,0,0,0,1,1,0,1
488,1,58.0,29.7,1,0,1,0,0,1,0,0,0,0,0,0,0,0,0,1,0,0,0,1,0,1,0,0
489,3,30.0,8.05,1,0,1,2,0,0,0,0,0,0,0,1,0,0,0,1,0,0,1,0,0,1,0,0
490,3,9.0,15.9,3,0,1,2,0,0,0,0,0,0,0,1,0,1,0,0,0,0,0,1,0,0,1,1
491,3,23.45084607841173,19.9667,2,0,1,2,0,0,0,0,0,0,0,1,0,0,0,1,0,0,0,1,0,1,0,0
492,3,21.0,7.25,1,0,1,2,0,0,0,0,0,0,0,1,0,0,0,1,0,1,0,0,0,1,0,0
493,1,55.0,30.5,1,0,1,2,0,0,1,0,0,0,0,0,0,0,0,1,0,0,0,1,0,1,0,0
494,1,71.0,49.5042,1,0,1,0,0,0,0,0,0,0,0,1,0,0,0,1,0,0,0,0,1,1,0,0
495,3,21.0,8.05,1,0,1,2,0,0,0,0,0,0,0,1,0,0,0,1,0,0,1,0,0,1,0,0
496,3,26.003091477047008,14.4583,1,0,1,0,0,0,0,0,0,0,0,1,0,0,0,1,0,0,0,1,0,1,0,0
497,1,54.0,78.2667,2,0,0,0,0,0,0,1,0,0,0,0,0,0,0,0,1,0,0,0,1,1,0,1
498,3,25.99533792660046,15.1,1,0,1,2,0,0,0,0,0,0,0,1,0,0,0,1,0,0,0,1,0,1,0,0
499,1,25.0,151.55,4,1,0,2,0,0,1,0,0,0,0,0,0,0,0,0,1,0,0,0,1,1,0,0
500,3,24.0,7.7958,1,0,1,2,0,0,0,0,0,0,0,1,0,0,0,1,0,1,0,0,0,1,0,0
501,3,17.0,8.6625,1,0,1,2,0,0,0,0,0,0,0,1,0,1,0,0,0,0,1,0,0,0,1,0
502,3,21.0,7.75,1,0,0,1,0,0,0,0,0,0,0,1,0,0,0,0,1,1,0,0,0,1,0,0
503,3,26.085606314750812,7.6292,1,0,0,1,0,0,0,0,0,0,0,1,0,0,0,0,1,1,0,0,0,1,0,0
504,3,37.0,9.5875,1,0,0,2,0,0,0,0,0,0,0,1,0,0,0,0,1,0,1,0,0,1,0,0
505,1,16.0,86.5,1,0,0,2,0,1,0,0,0,0,0,0,0,0,1,0,0,0,0,0,1,0,1,1
506,1,18.0,108.9,2,0,1,0,0,0,1,0,0,0,0,0,0,0,0,1,0,0,0,0,1,1,0,0
507,2,33.0,26.0,3,1,0,2,0,0,0,0,0,0,0,1,0,0,0,0,1,0,0,1,0,1,0,1
508,1,39.01904999002788,26.55,1,0,1,2,0,0,0,0,0,0,0,1,0,0,0,1,0,0,0,1,0,1,0,1
509,3,28.0,22.525,1,0,1,2,0,0,0,0,0,0,0,1,0,0,0,1,0,0,0,1,0,1,0,0
510,3,26.0,56.4958,1,0,1,2,0,0,0,0,0,0,0,1,0,0,0,1,0,0,0,0,1,1,0,1
511,3,29.0,7.75,1,0,1,1,0,0,0,0,0,0,0,1,0,0,0,1,0,1,0,0,0,1,0,1
512,3,26.080521860912715,8.05,1,0,1,2,0,0,0,0,0,0,0,1,0,0,0,1,0,0,1,0,0,1,0,0
513,1,36.0,26.2875,1,0,1,2,0,0,0,0,1,0,0,0,0,0,0,1,0,0,0,1,0,1,0,1
514,1,54.0,59.4,2,0,0,0,0,0,0,0,0,0,0,1,0,0,0,0,1,0,0,0,1,1,0,1
515,3,24.0,7.4958,1,0,1,2,0,0,0,0,0,0,0,1,0,0,0,1,0,1,0,0,0,1,0,0
516,1,47.0,34.0208,1,0,1,2,0,0,0,1,0,0,0,0,0,0,0,1,0,0,0,0,1,1,0,0
517,2,34.0,10.5,1,0,0,2,0,0,0,0,0,1,0,0,0,0,0,0,1,0,1,0,0,1,0,1
518,3,25.885988337164157,24.15,1,0,1,1,0,0,0,0,0,0,0,1,0,0,0,1,0,0,0,1,0,1,0,0
519,2,36.0,26.0,2,0,0,2,0,0,0,0,0,0,0,1,0,0,0,0,1,0,0,1,0,1,0,1
520,3,32.0,7.8958,1,0,1,2,0,0,0,0,0,0,0,1,0,0,0,1,0,1,0,0,0,1,0,0
521,1,30.0,93.5,1,0,0,2,0,1,0,0,0,0,0,0,0,0,0,0,1,0,0,0,1,1,0,1
522,3,22.0,7.8958,1,0,1,2,0,0,0,0,0,0,0,1,0,0,0,1,0,1,0,0,0,1,0,0
523,3,26.090490193651384,7.225,1,0,1,0,0,0,0,0,0,0,0,1,0,0,0,1,0,1,0,0,0,1,0,0
524,1,44.0,57.9792,2,1,0,0,0,1,0,0,0,0,0,0,0,0,0,0,1,0,0,0,1,1,0,1
525,3,26.090439445775623,7.2292,1,0,1,0,0,0,0,0,0,0,0,1,0,0,0,1,0,1,0,0,0,1,0,0
526,3,40.5,7.75,1,0,1,1,0,0,0,0,0,0,0,1,0,0,0,1,0,1,0,0,0,1,0,0
527,2,50.0,10.5,1,0,0,2,0,0,0,0,0,0,0,1,0,0,0,0,1,0,1,0,0,1,0,1
528,1,44.425335723004274,221.7792,1,0,1,2,0,0,1,0,0,0,0,0,0,0,0,1,0,0,0,0,1,1,0,0
529,3,39.0,7.925,1,0,1,2,0,0,0,0,0,0,0,1,0,0,0,1,0,0,1,0,0,1,0,0
530,2,23.0,11.5,4,0,1,2,0,0,0,0,0,0,0,1,0,0,0,1,0,0,1,0,0,1,0,0
531,2,2.0,26.0,3,0,0,2,0,0,0,0,0,0,0,1,0,0,1,0,0,0,0,1,0,0,1,1
532,3,26.090439445775623,7.2292,1,0,1,0,0,0,0,0,0,0,0,1,0,0,0,1,0,1,0,0,0,1,0,0
533,3,17.0,7.2292,3,0,1,0,0,0,0,0,0,0,0,1,0,1,0,0,0,1,0,0,0,0,1,0
534,3,9.681376359829258,22.3583,3,0,0,0,0,0,0,0,0,0,0,1,0,0,1,0,0,0,0,1,0,0,1,1
535,3,30.0,8.6625,1,0,0,2,0,0,0,0,0,0,0,1,0,0,0,0,1,0,1,0,0,1,0,0
536,2,7.0,26.25,3,0,0,2,0,0,0,0,0,0,0,1,0,0,1,0,0,0,0,1,0,0,1,1
537,1,45.0,26.55,1,0,1,2,0,1,0,0,0,0,0,0,0,0,0,1,0,0,0,1,0,1,0,0
538,1,30.0,106.425,1,0,0,0,0,0,0,0,0,0,0,1,0,0,0,0,1,0,0,0,1,1,0,1
539,3,26.00258762313767,14.5,1,0,1,2,0,0,0,0,0,0,0,1,0,0,0,1,0,0,0,1,0,1,0,0
540,1,22.0,49.5,3,1,0,0,0,1,0,0,0,0,0,0,0,0,0,0,1,0,0,0,1,1,0,1
541,1,36.0,71.0,3,1,0,2,0,1,0,0,0,0,0,0,0,0,0,0,1,0,0,0,1,1,0,1
542,3,9.0,31.275,7,0,0,2,0,0,0,0,0,0,0,1,0,0,1,0,0,0,0,0,1,0,1,0
543,3,11.0,31.275,7,0,0,2,0,0,0,0,0,0,0,1,0,0,1,0,0,0,0,0,1,0,1,0
544,2,32.0,26.0,2,0,1,2,0,0,0,0,0,0,0,1,0,0,0,1,0,0,0,1,0,1,0,1
545,1,50.0,106.425,2,0,1,0,0,0,1,0,0,0,0,0,0,0,0,1,0,0,0,0,1,1,0,0
546,1,64.0,26.0,1,0,1,2,0,0,0,0,0,0,0,1,0,0,0,1,0,0,0,1,0,1,0,0
547,2,19.0,26.0,2,0,0,2,0,0,0,0,0,0,0,1,0,0,0,0,1,0,0,1,0,1,0,1
548,2,28.70871739939079,13.8625,1,0,1,0,0,0,0,0,0,0,0,1,0,0,0,1,0,0,1,0,0,1,0,1
549,3,33.0,20.525,3,0,1,2,0,0,0,0,0,0,0,1,0,0,0,1,0,0,0,1,0,1,0,0
550,2,8.0,36.75,3,0,1,2,0,0,0,0,0,0,0,1,0,1,0,0,0,0,0,0,1,0,1,1
551,1,17.0,110.8833,3,0,1,0,0,0,1,0,0,0,0,0,0,1,0,0,0,0,0,0,1,0,1,1
552,2,27.0,26.0,1,0,1,2,0,0,0,0,0,0,0,1,0,0,0,1,0,0,0,1,0,1,0,0
553,3,26.083189749238407,7.8292,1,0,1,1,0,0,0,0,0,0,0,1,0,0,0,1,0,1,0,0,0,1,0,0
554,3,22.0,7.225,1,0,1,0,0,0,0,0,0,0,0,1,0,0,0,1,0,1,0,0,0,1,0,1
555,3,22.0,7.775,1,0,0,2,0,0,0,0,0,0,0,1,0,0,0,0,1,1,0,0,0,1,0,1
556,1,62.0,26.55,1,0,1,2,0,0,0,0,0,0,0,1,0,0,0,1,0,0,0,1,0,1,0,0
557,1,48.0,39.6,2,0,0,0,1,0,0,0,0,0,0,0,0,0,0,0,1,0,0,0,1,1,0,1
558,1,44.355910212398406,227.525,1,0,1,0,0,0,0,0,0,0,0,1,0,0,0,1,0,0,0,0,1,1,0,0
559,1,39.0,79.65,3,1,0,2,0,0,0,0,1,0,0,0,0,0,0,0,1,0,0,0,1,1,0,1
560,3,36.0,17.4,2,0,0,2,0,0,0,0,0,0,0,1,0,0,0,0,1,0,0,1,0,1,0,1
561,3,26.084146709181322,7.75,1,0,1,1,0,0,0,0,0,0,0,1,0,0,0,1,0,1,0,0,0,1,0,0
562,3,40.0,7.8958,1,0,1,2,0,0,0,0,0,0,0,1,0,0,0,1,0,1,0,0,0,1,0,0
563,2,28.0,13.5,1,0,1,2,0,0,0,0,0,0,0,1,0,0,0,1,0,0,1,0,0,1,0,0
564,3,26.080521860912715,8.05,1,0,1,2,0,0,0,0,0,0,0,1,0,0,0,1,0,0,1,0,0,1,0,0
565,3,26.080521860912715,8.05,1,0,0,2,0,0,0,0,0,0,0,1,0,0,0,0,1,0,1,0,0,1,0,0
566,3,24.0,24.15,3,0,1,2,0,0,0,0,0,0,0,1,0,0,0,1,0,0,0,1,0,1,0,0
567,3,19.0,7.8958,1,0,1,2,0,0,0,0,0,0,0,1,0,0,0,1,0,1,0,0,0,1,0,0
568,3,29.0,21.075,5,1,0,2,0,0,0,0,0,0,0,1,0,0,0,0,1,0,0,1,0,1,0,0
569,3,26.090439445775623,7.2292,1,0,1,0,0,0,0,0,0,0,0,1,0,0,0,1,0,1,0,0,0,1,0,0
570,3,32.0,7.8542,1,0,1,2,0,0,0,0,0,0,0,1,0,0,0,1,0,1,0,0,0,1,0,1
571,2,62.0,10.5,1,0,1,2,0,0,0,0,0,0,0,1,0,0,0,1,0,0,1,0,0,1,0,1
572,1,53.0,51.4792,3,0,0,2,0,0,1,0,0,0,0,0,0,0,0,0,1,0,0,0,1,1,0,1
573,1,36.0,26.3875,1,0,1,2,0,0,0,0,1,0,0,0,0,0,0,1,0,0,0,1,0,1,0,1
574,3,18.318940217533402,7.75,1,0,0,1,0,0,0,0,0,0,0,1,0,0,0,0,1,1,0,0,0,1,0,1
575,3,16.0,8.05,1,0,1,2,0,0,0,0,0,0,0,1,0,1,0,0,0,0,1,0,0,0,1,0
576,3,19.0,14.5,1,0,1,2,0,0,0,0,0,0,0,1,0,0,0,1,0,0,0,1,0,1,0,0
577,2,34.0,13.0,1,0,0,2,0,0,0,0,0,0,0,1,0,0,0,0,1,0,1,0,0,1,0,1
578,1,39.0,55.9,2,0,0,2,0,0,0,0,1,0,0,0,0,0,0,0,1,0,0,0,1,1,0,1
579,3,23.51740312575437,14.4583,2,0,0,0,0,0,0,0,0,0,0,1,0,0,0,0,1,0,0,1,0,1,0,0
580,3,32.0,7.925,1,0,1,2,0,0,0,0,0,0,0,1,0,0,0,1,0,0,1,0,0,1,0,1
581,2,25.0,30.0,3,1,0,2,0,0,0,0,0,0,0,1,0,0,0,0,1,0,0,1,0,1,0,1
582,1,39.0,110.8833,3,1,0,0,0,0,1,0,0,0,0,0,0,0,0,0,1,0,0,0,1,1,0,1
583,2,54.0,26.0,1,0,1,2,0,0,0,0,0,0,0,1,0,0,0,1,0,0,0,1,0,1,0,0
584,1,36.0,40.125,1,0,1,0,1,0,0,0,0,0,0,0,0,0,0,1,0,0,0,0,1,1,0,0
585,3,26.072516987652875,8.7125,1,0,1,0,0,0,0,0,0,0,0,1,0,0,0,1,0,0,1,0,0,1,0,0
586,1,18.0,79.65,3,1,0,2,0,0,0,0,1,0,0,0,0,0,0,0,1,0,0,0,1,1,0,1
587,2,47.0,15.0,1,0,1,2,0,0,0,0,0,0,0,1,0,0,0,1,0,0,0,1,0,1,0,0
588,1,60.0,79.2,3,0,1,0,0,1,0,0,0,0,0,0,0,0,0,1,0,0,0,0,1,1,0,1
589,3,22.0,8.05,1,0,1,2,0,0,0,0,0,0,0,1,0,0,0,1,0,0,1,0,0,1,0,0
590,3,26.080521860912715,8.05,1,0,1,2,0,0,0,0,0,0,0,1,0,0,0,1,0,0,1,0,0,1,0,0
591,3,35.0,7.125,1,0,1,2,0,0,0,0,0,0,0,1,0,0,0,1,0,1,0,0,0,1,0,0
592,1,52.0,78.2667,2,0,0,0,0,0,0,1,0,0,0,0,0,0,0,0,1,0,0,0,1,1,0,1
593,3,47.0,7.25,1,0,1,2,0,0,0,0,0,0,0,1,0,0,0,1,0,1,0,0,0,1,0,0
594,3,17.62309242135146,7.75,3,0,0,1,0,0,0,0,0,0,0,1,0,0,1,0,0,1,0,0,0,0,1,0
595,2,37.0,26.0,2,0,1,2,0,0,0,0,0,0,0,1,0,0,0,1,0,0,0,1,0,1,0,0
596,3,36.0,24.15,3,0,1,2,0,0,0,0,0,0,0,1,0,0,0,1,0,0,0,1,0,1,0,0
597,2,28.47748228692259,33.0,1,0,0,2,0,0,0,0,0,0,0,1,0,0,0,0,1,0,0,0,1,1,0,1
598,3,49.0,0.0,1,0,1,2,0,0,0,0,0,0,0,1,0,0,0,1,0,1,0,0,0,1,0,0
599,3,26.090490193651384,7.225,1,0,1,0,0,0,0,0,0,0,0,1,0,0,0,1,0,1,0,0,0,1,0,0
600,1,49.0,56.9292,2,0,1,0,1,0,0,0,0,0,0,0,0,0,0,1,0,0,0,0,1,1,0,1
601,2,24.0,27.0,4,1,0,2,0,0,0,0,0,0,0,1,0,0,0,0,1,0,0,1,0,1,0,1
602,3,26.082385032922776,7.8958,1,0,1,2,0,0,0,0,0,0,0,1,0,0,0,1,0,1,0,0,0,1,0,0
603,1,46.59274366481774,42.4,1,0,1,2,0,0,0,0,0,0,0,1,0,0,0,1,0,0,0,0,1,1,0,0
604,3,44.0,8.05,1,0,1,2,0,0,0,0,0,0,0,1,0,0,0,1,0,0,1,0,0,1,0,0
605,1,35.0,26.55,1,0,1,0,0,0,0,0,0,0,0,1,0,0,0,1,0,0,0,1,0,1,0,1
606,3,36.0,15.55,2,0,1,2,0,0,0,0,0,0,0,1,0,0,0,1,0,0,0,1,0,1,0,0
607,3,30.0,7.8958,1,0,1,2,0,0,0,0,0,0,0,1,0,0,0,1,0,1,0,0,0,1,0,0
608,1,27.0,30.5,1,0,1,2,0,0,0,0,0,0,0,1,0,0,0,1,0,0,0,1,0,1,0,1
609,2,22.0,41.5792,4,1,0,0,0,0,0,0,0,0,0,1,0,0,0,0,1,0,0,0,1,1,0,1
610,1,40.0,153.4625,1,0,0,2,0,0,1,0,0,0,0,0,0,0,0,0,1,0,0,0,1,1,0,1
611,3,39.0,31.275,7,1,0,2,0,0,0,0,0,0,0,1,0,0,0,0,1,0,0,0,1,1,0,0
612,3,26.092604688474736,7.05,1,0,1,2,0,0,0,0,0,0,0,1,0,0,0,1,0,1,0,0,0,1,0,0
613,3,15.7396099526351,15.5,2,0,0,1,0,0,0,0,0,0,0,1,0,0,1,0,0,0,0,1,0,0,1,1
614,3,26.084146709181322,7.75,1,0,1,1,0,0,0,0,0,0,0,1,0,0,0,1,0,1,0,0,0,1,0,0
615,3,35.0,8.05,1,0,1,2,0,0,0,0,0,0,0,1,0,0,0,1,0,0,1,0,0,1,0,0
616,2,24.0,65.0,4,1,0,2,0,0,0,0,0,0,0,1,0,0,0,0,1,0,0,0,1,1,0,1
617,3,34.0,14.4,3,0,1,2,0,0,0,0,0,0,0,1,0,0,0,1,0,0,1,0,0,1,0,0
618,3,26.0,16.1,2,0,0,2,0,0,0,0,0,0,0,1,0,0,0,0,1,0,0,1,0,1,0,0
619,2,4.0,39.0,4,0,0,2,0,0,0,0,0,1,0,0,0,0,1,0,0,0,0,0,1,0,1,1
620,2,26.0,10.5,1,0,1,2,0,0,0,0,0,0,0,1,0,0,0,1,0,0,1,0,0,1,0,0
621,3,27.0,14.4542,2,0,1,0,0,0,0,0,0,0,0,1,0,0,0,1,0,0,1,0,0,1,0,0
622,1,42.0,52.5542,2,0,1,2,0,0,0,1,0,0,0,0,0,0,0,1,0,0,0,0,1,1,0,1
623,3,20.0,15.7417,3,0,1,0,0,0,0,0,0,0,0,1,0,0,0,1,0,0,0,1,0,1,0,1
624,3,21.0,7.8542,1,0,1,2,0,0,0,0,0,0,0,1,0,0,0,1,0,1,0,0,0,1,0,0
625,3,21.0,16.1,1,0,1,2,0,0,0,0,0,0,0,1,0,0,0,1,0,0,0,1,0,1,0,0
626,1,61.0,32.3208,1,0,1,2,0,0,0,1,0,0,0,0,0,0,0,1,0,0,0,0,1,1,0,0
627,2,57.0,12.35,1,0,1,1,0,0,0,0,0,0,0,1,0,0,0,1,0,0,1,0,0,1,0,0
628,1,21.0,77.9583,1,0,0,2,0,0,0,1,0,0,0,0,0,0,0,0,1,0,0,0,1,1,0,1
629,3,26.0,7.8958,1,0,1,2,0,0,0,0,0,0,0,1,0,0,0,1,0,1,0,0,0,1,0,0
630,3,26.084348492401606,7.7333,1,0,1,1,0,0,0,0,0,0,0,1,0,0,0,1,0,1,0,0,0,1,0,0
631,1,80.0,30.0,1,0,1,2,1,0,0,0,0,0,0,0,0,0,0,1,0,0,0,1,0,1,0,1
632,3,51.0,7.0542,1,0,1,2,0,0,0,0,0,0,0,1,0,0,0,1,0,1,0,0,0,1,0,0
633,1,32.0,30.5,1,0,1,0,0,1,0,0,0,0,0,0,0,0,0,1,0,0,0,1,0,1,0,1
634,1,47.10505555344748,0.0,1,0,1,2,0,0,0,0,0,0,0,1,0,0,0,1,0,1,0,0,0,1,0,0
635,3,9.0,27.9,6,0,0,2,0,0,0,0,0,0,0,1,0,0,1,0,0,0,0,1,0,0,1,0
636,2,28.0,13.0,1,0,0,2,0,0,0,0,0,0,0,1,0,0,0,0,1,0,1,0,0,1,0,1
637,3,32.0,7.925,1,0,1,2,0,0,0,0,0,0,0,1,0,0,0,1,0,0,1,0,0,1,0,0
638,2,31.0,26.25,3,0,1,2,0,0,0,0,0,0,0,1,0,0,0,1,0,0,0,1,0,1,0,0
639,3,41.0,39.6875,6,1,0,2,0,0,0,0,0,0,0,1,0,0,0,0,1,0,0,0,1,1,0,0
640,3,23.4975667477458,16.1,2,0,1,2,0,0,0,0,0,0,0,1,0,0,0,1,0,0,0,1,0,1,0,0
641,3,20.0,7.8542,1,0,1,2,0,0,0,0,0,0,0,1,0,0,0,1,0,1,0,0,0,1,0,0
642,1,24.0,69.3,1,0,0,0,0,1,0,0,0,0,0,0,0,0,0,0,1,0,0,0,1,1,0,1
643,3,2.0,27.9,6,0,0,2,0,0,0,0,0,0,0,1,0,0,1,0,0,0,0,1,0,0,1,0
644,3,17.729953121760587,56.4958,1,0,1,2,0,0,0,0,0,0,0,1,0,1,0,0,0,0,0,0,1,0,1,1
645,3,0.75,19.2583,4,0,0,0,0,0,0,0,0,0,0,1,0,0,1,0,0,0,0,1,0,0,1,1
646,1,48.0,76.7292,2,0,1,0,0,0,0,1,0,0,0,0,0,0,0,1,0,0,0,0,1,1,0,1
647,3,19.0,7.8958,1,0,1,2,0,0,0,0,0,0,0,1,0,0,0,1,0,1,0,0,0,1,0,0
648,1,56.0,35.5,1,0,1,0,1,0,0,0,0,0,0,0,0,0,0,1,0,0,0,0,1,1,0,1
649,3,26.086563274693724,7.55,1,0,1,2,0,0,0,0,0,0,0,1,0,0,0,1,0,1,0,0,0,1,0,0
650,3,23.0,7.55,1,0,0,2,0,0,0,0,0,0,0,1,0,0,0,0,1,1,0,0,0,1,0,1
651,3,26.082385032922776,7.8958,1,0,1,2,0,0,0,0,0,0,0,1,0,0,0,1,0,1,0,0,0,1,0,0
652,2,18.0,23.0,2,1,0,2,0,0,0,0,0,0,0,1,0,0,0,0,1,0,0,1,0,1,0,1
653,3,21.0,8.4333,1,0,1,2,0,0,0,0,0,0,0,1,0,0,0,1,0,0,1,0,0,1,0,0
654,3,18.31798325759049,7.8292,1,0,0,1,0,0,0,0,0,0,0,1,0,0,0,0,1,1,0,0,0,1,0,1
655,3,18.0,6.75,1,0,0,1,0,0,0,0,0,0,0,1,0,0,0,0,1,1,0,0,0,1,0,0
656,2,24.0,73.5,3,0,1,2,0,0,0,0,0,0,0,1,0,0,0,1,0,0,0,0,1,1,0,0
657,3,26.082385032922776,7.8958,1,0,1,2,0,0,0,0,0,0,0,1,0,0,0,1,0,1,0,0,0,1,0,0
658,3,32.0,15.5,3,1,0,1,0,0,0,0,0,0,0,1,0,0,0,0,1,0,0,1,0,1,0,0
659,2,23.0,13.0,1,0,1,2,0,0,0,0,0,0,0,1,0,0,0,1,0,0,1,0,0,1,0,0
660,1,58.0,113.275,3,0,1,0,0,0,0,1,0,0,0,0,0,0,0,1,0,0,0,0,1,1,0,0
661,1,50.0,133.65,3,0,1,2,0,0,0,0,0,0,0,1,0,0,0,1,0,0,0,0,1,1,0,1
662,3,40.0,7.225,1,0,1,0,0,0,0,0,0,0,0,1,0,0,0,1,0,1,0,0,0,1,0,0
663,1,47.0,25.5875,1,0,1,2,0,0,0,0,1,0,0,0,0,0,0,1,0,0,0,1,0,1,0,0
664,3,36.0,7.4958,1,0,1,2,0,0,0,0,0,0,0,1,0,0,0,1,0,1,0,0,0,1,0,0
665,3,20.0,7.925,2,0,1,2,0,0,0,0,0,0,0,1,0,0,0,1,0,0,1,0,0,1,0,1
666,2,32.0,73.5,3,0,1,2,0,0,0,0,0,0,0,1,0,0,0,1,0,0,0,0,1,1,0,0
667,2,25.0,13.0,1,0,1,2,0,0,0,0,0,0,0,1,0,0,0,1,0,0,1,0,0,1,0,0
668,3,26.08384463849227,7.775,1,0,1,2,0,0,0,0,0,0,0,1,0,0,0,1,0,1,0,0,0,1,0,0
669,3,43.0,8.05,1,0,1,2,0,0,0,0,0,0,0,1,0,0,0,1,0,0,1,0,0,1,0,0
670,1,36.225853677281776,52.0,2,0,0,2,0,0,1,0,0,0,0,0,0,0,0,0,1,0,0,0,1,1,0,1
671,2,40.0,39.0,3,1,0,2,0,0,0,0,0,0,0,1,0,0,0,0,1,0,0,0,1,1,0,1
672,1,31.0,52.0,2,0,1,2,0,1,0,0,0,0,0,0,0,0,0,1,0,0,0,0,1,1,0,0
673,2,70.0,10.5,1,0,1,2,0,0,0,0,0,0,0,1,0,0,0,1,0,0,1,0,0,1,0,0
674,2,31.0,13.0,1,0,1,2,0,0,0,0,0,0,0,1,0,0,0,1,0,0,1,0,0,1,0,1
675,2,36.64142208811724,0.0,1,0,1,2,0,0,0,0,0,0,0,1,0,0,0,1,0,1,0,0,0,1,0,0
676,3,18.0,7.775,1,0,1,2,0,0,0,0,0,0,0,1,0,0,0,1,0,1,0,0,0,1,0,0
677,3,24.5,8.05,1,0,1,2,0,0,0,0,0,0,0,1,0,0,0,1,0,0,1,0,0,1,0,0
678,3,18.0,9.8417,1,0,0,2,0,0,0,0,0,0,0,1,0,0,0,0,1,0,1,0,0,1,0,1
679,3,43.0,46.9,8,1,0,2,0,0,0,0,0,0,0,1,0,0,0,0,1,0,0,0,1,1,0,0
680,1,36.0,512.3292,2,0,1,0,0,1,0,0,0,0,0,0,0,0,0,1,0,0,0,0,1,1,0,1
681,3,26.079464613501038,8.1375,1,0,0,1,0,1,0,0,0,0,0,0,0,0,0,0,1,0,1,0,0,1,0,0
682,1,27.0,76.7292,1,0,1,0,0,0,0,1,0,0,0,0,0,0,0,1,0,0,0,0,1,1,0,1
683,3,20.0,9.225,1,0,1,2,0,1,0,0,0,0,0,0,0,0,0,1,0,0,1,0,0,1,0,0
684,3,14.0,46.9,8,0,1,2,0,0,0,0,0,0,0,1,0,1,0,0,0,0,0,0,1,0,1,0
685,2,60.0,39.0,3,0,1,2,0,0,0,0,0,0,0,1,0,0,0,1,0,0,0,0,1,1,0,0
686,2,25.0,41.5792,4,0,1,0,0,0,0,0,0,0,0,1,0,0,0,1,0,0,0,0,1,1,0,0
687,3,14.0,39.6875,6,0,1,2,0,0,0,0,0,0,0,1,0,1,0,0,0,0,0,0,1,0,1,0
688,3,19.0,10.1708,1,0,1,2,0,0,0,0,0,0,0,1,0,0,0,1,0,0,1,0,0,1,0,0
689,3,18.0,7.7958,1,0,1,2,0,0,0,0,0,0,0,1,0,0,0,1,0,1,0,0,0,1,0,0
690,1,15.0,211.3375,2,0,0,2,0,1,0,0,0,0,0,0,0,0,1,0,0,0,0,0,1,0,1,1
691,1,31.0,57.0,2,0,1,2,0,1,0,0,0,0,0,0,0,0,0,1,0,0,0,0,1,1,0,1
692,3,4.0,13.4167,2,0,0,0,0,0,0,0,0,0,0,1,0,0,1,0,0,0,1,0,0,0,1,1
693,3,17.729953121760587,56.4958,1,0,1,2,0,0,0,0,0,0,0,1,0,1,0,0,0,0,0,0,1,0,1,1
694,3,25.0,7.225,1,0,1,0,0,0,0,0,0,0,0,1,0,0,0,1,0,1,0,0,0,1,0,0
695,1,60.0,26.55,1,0,1,2,0,0,0,0,0,0,0,1,0,0,0,1,0,0,0,1,0,1,0,0
696,2,52.0,13.5,1,0,1,2,0,0,0,0,0,0,0,1,0,0,0,1,0,0,1,0,0,1,0,0
697,3,44.0,8.05,1,0,1,2,0,0,0,0,0,0,0,1,0,0,0,1,0,0,1,0,0,1,0,0
698,3,18.319142000753693,7.7333,1,0,0,1,0,0,0,0,0,0,0,1,0,0,0,0,1,1,0,0,0,1,0,1
699,1,49.0,110.8833,3,0,1,0,0,0,1,0,0,0,0,0,0,0,0,1,0,0,0,0,1,1,0,0
700,3,42.0,7.65,1,0,1,2,0,0,0,0,0,1,0,0,0,0,0,1,0,1,0,0,0,1,0,0
701,1,18.0,227.525,2,0,0,0,0,0,1,0,0,0,0,0,0,0,0,0,1,0,0,0,1,1,0,1
702,1,35.0,26.2875,1,0,1,2,0,0,0,0,1,0,0,0,0,0,0,1,0,0,0,1,0,1,0,1
703,3,18.0,14.4542,2,1,0,0,0,0,0,0,0,0,0,1,0,0,0,0,1,0,1,0,0,1,0,0
704,3,25.0,7.7417,1,0,1,1,0,0,0,0,0,0,0,1,0,0,0,1,0,1,0,0,0,1,0,0
705,3,26.0,7.8542,2,0,1,2,0,0,0,0,0,0,0,1,0,0,0,1,0,1,0,0,0,1,0,0
706,2,39.0,26.0,1,0,1,2,0,0,0,0,0,0,0,1,0,0,0,1,0,0,0,1,0,1,0,0
707,2,45.0,13.5,1,0,0,2,0,0,0,0,0,0,0,1,0,0,0,0,1,0,1,0,0,1,0,1
708,1,42.0,26.2875,1,0,1,2,0,0,0,0,1,0,0,0,0,0,0,1,0,0,0,1,0,1,0,1
709,1,22.0,151.55,1,0,0,2,0,0,0,0,0,0,0,1,0,0,0,0,1,0,0,0,1,1,0,1
710,3,11.51215426348643,15.2458,3,0,1,0,0,0,0,0,0,0,0,1,0,1,0,0,0,0,0,1,0,0,1,1
711,1,24.0,49.5042,1,0,0,0,0,0,1,0,0,0,0,0,0,0,0,0,1,0,0,0,1,1,0,1
712,1,46.78425648167579,26.55,1,0,1,2,0,0,1,0,0,0,0,0,0,0,0,1,0,0,0,1,0,1,0,0
713,1,48.0,52.0,2,0,1,2,0,0,1,0,0,0,0,0,0,0,0,1,0,0,0,0,1,1,0,1
714,3,29.0,9.4833,1,0,1,2,0,0,0,0,0,0,0,1,0,0,0,1,0,0,1,0,0,1,0,0
715,2,52.0,13.0,1,0,1,2,0,0,0,0,0,0,0,1,0,0,0,1,0,0,1,0,0,1,0,0
716,3,19.0,7.65,1,0,1,2,0,0,0,0,0,1,0,0,0,0,0,1,0,1,0,0,0,1,0,0
717,1,38.0,227.525,1,0,0,0,0,0,1,0,0,0,0,0,0,0,0,0,1,0,0,0,1,1,0,1
718,2,27.0,10.5,1,0,0,2,0,0,0,0,1,0,0,0,0,0,0,0,1,0,1,0,0,1,0,1
719,3,25.99050479557565,15.5,1,0,1,1,0,0,0,0,0,0,0,1,0,0,0,1,0,0,0,1,0,1,0,0
720,3,33.0,7.775,1,0,1,2,0,0,0,0,0,0,0,1,0,0,0,1,0,1,0,0,0,1,0,0
721,2,6.0,33.0,2,0,0,2,0,0,0,0,0,0,0,1,0,0,1,0,0,0,0,0,1,0,1,1
722,3,17.0,7.0542,2,0,1,2,0,0,0,0,0,0,0,1,0,1,0,0,0,1,0,0,0,0,1,0
723,2,34.0,13.0,1,0,1,2,0,0,0,0,0,0,0,1,0,0,0,1,0,0,1,0,0,1,0,0
724,2,50.0,13.0,1,0,1,2,0,0,0,0,0,0,0,1,0,0,0,1,0,0,1,0,0,1,0,0
725,1,27.0,53.1,2,0,1,2,0,0,0,0,1,0,0,0,0,0,0,1,0,0,0,0,1,1,0,1
726,3,20.0,8.6625,1,0,1,2,0,0,0,0,0,0,0,1,0,0,0,1,0,0,1,0,0,1,0,0
727,2,30.0,21.0,4,0,0,2,0,0,0,0,0,0,0,1,0,0,0,0,1,0,0,1,0,1,0,1
728,3,18.319091252877932,7.7375,1,0,0,1,0,0,0,0,0,0,0,1,0,0,0,0,1,1,0,0,0,1,0,1
729,2,25.0,26.0,2,0,1,2,0,0,0,0,0,0,0,1,0,0,0,1,0,0,0,1,0,1,0,0
730,3,25.0,7.925,2,0,0,2,0,0,0,0,0,0,0,1,0,0,0,0,1,0,1,0,0,1,0,0
731,1,29.0,211.3375,1,0,0,2,0,1,0,0,0,0,0,0,0,0,0,0,1,0,0,0,1,1,0,1
732,3,11.0,18.7875,1,0,1,0,0,0,0,0,0,0,0,1,0,1,0,0,0,0,0,1,0,0,1,0
733,2,36.64142208811724,0.0,1,0,1,2,0,0,0,0,0,0,0,1,0,0,0,1,0,1,0,0,0,1,0,0
734,2,23.0,13.0,1,0,1,2,0,0,0,0,0,0,0,1,0,0,0,1,0,0,1,0,0,1,0,0
735,2,23.0,13.0,1,0,1,2,0,0,0,0,0,0,0,1,0,0,0,1,0,0,1,0,0,1,0,0
736,3,28.5,16.1,1,0,1,2,0,0,0,0,0,0,0,1,0,0,0,1,0,0,0,1,0,1,0,0
737,3,48.0,34.375,5,1,0,2,0,0,0,0,0,0,0,1,0,0,0,0,1,0,0,0,1,1,0,0
738,1,35.0,512.3292,1,0,1,0,0,1,0,0,0,0,0,0,0,0,0,1,0,0,0,0,1,1,0,1
739,3,26.082385032922776,7.8958,1,0,1,2,0,0,0,0,0,0,0,1,0,0,0,1,0,1,0,0,0,1,0,0
740,3,26.082385032922776,7.8958,1,0,1,2,0,0,0,0,0,0,0,1,0,0,0,1,0,1,0,0,0,1,0,0
741,1,38.977364234938904,30.0,1,0,1,2,0,0,0,1,0,0,0,0,0,0,0,1,0,0,0,1,0,1,0,1
742,1,36.0,78.85,2,0,1,2,0,0,1,0,0,0,0,0,0,0,0,1,0,0,0,0,1,1,0,0
743,1,21.0,262.375,5,1,0,0,0,1,0,0,0,0,0,0,0,0,0,0,1,0,0,0,1,1,0,1
744,3,24.0,16.1,2,0,1,2,0,0,0,0,0,0,0,1,0,0,0,1,0,0,0,1,0,1,0,0
745,3,31.0,7.925,1,0,1,2,0,0,0,0,0,0,0,1,0,0,0,1,0,0,1,0,0,1,0,1
746,1,70.0,71.0,3,0,1,2,0,1,0,0,0,0,0,0,1,0,0,0,0,0,0,0,1,1,0,0
747,3,16.0,20.25,3,0,1,2,0,0,0,0,0,0,0,1,0,1,0,0,0,0,0,1,0,0,1,0
748,2,30.0,13.0,1,0,0,2,0,0,0,0,0,0,0,1,0,0,0,0,1,0,1,0,0,1,0,1
749,1,19.0,53.1,2,0,1,2,0,0,0,1,0,0,0,0,0,0,0,1,0,0,0,0,1,1,0,0
750,3,31.0,7.75,1,0,1,1,0,0,0,0,0,0,0,1,0,0,0,1,0,1,0,0,0,1,0,0
751,2,4.0,23.0,3,0,0,2,0,0,0,0,0,0,0,1,0,0,1,0,0,0,0,1,0,0,1,1
752,3,6.0,12.475,2,0,1,2,0,0,0,0,1,0,0,0,0,1,0,0,0,0,1,0,0,0,1,1
753,3,33.0,9.5,1,0,1,2,0,0,0,0,0,0,0,1,0,0,0,1,0,0,1,0,0,1,0,0
754,3,23.0,7.8958,1,0,1,2,0,0,0,0,0,0,0,1,0,0,0,1,0,1,0,0,0,1,0,0
755,2,48.0,65.0,4,1,0,2,0,0,0,0,0,0,0,1,0,0,0,0,1,0,0,0,1,1,0,1
756,2,0.67,14.5,3,0,1,2,0,0,0,0,0,0,0,1,0,1,0,0,0,0,0,1,0,0,1,1
757,3,28.0,7.7958,1,0,1,2,0,0,0,0,0,0,0,1,0,0,0,1,0,1,0,0,0,1,0,0
758,2,18.0,11.5,1,0,1,2,0,0,0,0,0,0,0,1,0,0,0,1,0,0,1,0,0,1,0,0
759,3,34.0,8.05,1,0,1,2,0,0,0,0,0,0,0,1,0,0,0,1,0,0,1,0,0,1,0,0
760,1,33.0,86.5,1,0,0,2,0,1,0,0,0,0,0,0,0,0,0,0,1,0,0,0,1,1,0,1
761,3,26.00258762313767,14.5,1,0,1,2,0,0,0,0,0,0,0,1,0,0,0,1,0,0,0,1,0,1,0,0
762,3,41.0,7.125,1,0,1,2,0,0,0,0,0,0,0,1,0,0,0,1,0,1,0,0,0,1,0,0
763,3,20.0,7.2292,1,0,1,0,0,0,0,0,0,0,0,1,0,0,0,1,0,1,0,0,0,1,0,1
764,1,36.0,120.0,4,1,0,2,0,1,0,0,0,0,0,0,0,0,0,0,1,0,0,0,1,1,0,1
765,3,16.0,7.775,1,0,1,2,0,0,0,0,0,0,0,1,0,1,0,0,0,1,0,0,0,0,1,0
766,1,51.0,77.9583,2,0,0,2,0,0,0,1,0,0,0,0,0,0,0,0,1,0,0,0,1,1,0,1
767,1,46.6265755819914,39.6,1,0,1,0,0,0,0,0,0,0,0,1,0,0,0,1,0,0,0,0,1,1,0,0
768,3,30.5,7.75,1,0,0,1,0,0,0,0,0,0,0,1,0,0,0,0,1,1,0,0,0,1,0,0
769,3,23.40029998587152,24.15,2,0,1,1,0,0,0,0,0,0,0,1,0,0,0,1,0,0,0,1,0,1,0,0
770,3,32.0,8.3625,1,0,1,2,0,0,0,0,0,0,0,1,0,0,0,1,0,0,1,0,0,1,0,0
771,3,24.0,9.5,1,0,1,2,0,0,0,0,0,0,0,1,0,0,0,1,0,0,1,0,0,1,0,0
772,3,48.0,7.8542,1,0,1,2,0,0,0,0,0,0,0,1,0,0,0,1,0,1,0,0,0,1,0,0
773,2,57.0,10.5,1,0,0,2,0,0,0,0,1,0,0,0,0,0,0,0,1,0,1,0,0,1,0,0
774,3,26.090490193651384,7.225,1,0,1,0,0,0,0,0,0,0,0,1,0,0,0,1,0,1,0,0,0,1,0,0
775,2,54.0,23.0,5,1,0,2,0,0,0,0,0,0,0,1,0,0,0,0,1,0,0,1,0,1,0,1
776,3,18.0,7.75,1,0,1,2,0,0,0,0,0,0,0,1,0,0,0,1,0,1,0,0,0,1,0,0
777,3,26.084146709181322,7.75,1,0,1,1,0,0,0,0,0,1,0,0,0,0,0,1,0,1,0,0,0,1,0,0
778,3,5.0,12.475,1,0,0,2,0,0,0,0,0,0,0,1,0,0,1,0,0,0,1,0,0,0,1,1
779,3,26.084297744525845,7.7375,1,0,1,1,0,0,0,0,0,0,0,1,0,0,0,1,0,1,0,0,0,1,0,0
780,1,43.0,211.3375,2,1,0,2,0,1,0,0,0,0,0,0,0,0,0,0,1,0,0,0,1,1,0,1
781,3,13.0,7.2292,1,0,0,0,0,0,0,0,0,0,0,1,0,0,1,0,0,1,0,0,0,0,1,1
782,1,17.0,57.0,2,0,0,2,0,1,0,0,0,0,0,0,0,0,1,0,0,0,0,0,1,0,1,1
783,1,29.0,30.0,1,0,1,2,0,0,0,1,0,0,0,0,0,0,0,1,0,0,0,1,0,1,0,0
784,3,14.947703677335078,23.45,4,0,1,2,0,0,0,0,0,0,0,1,0,1,0,0,0,0,0,1,0,0,1,0
785,3,25.0,7.05,1,0,1,2,0,0,0,0,0,0,0,1,0,0,0,1,0,1,0,0,0,1,0,0
786,3,25.0,7.25,1,0,1,2,0,0,0,0,0,0,0,1,0,0,0,1,0,1,0,0,0,1,0,0
787,3,18.0,7.4958,1,0,0,2,0,0,0,0,0,0,0,1,0,0,0,0,1,1,0,0,0,1,0,1
788,3,8.0,29.125,6,0,1,1,0,0,0,0,0,0,0,1,0,1,0,0,0,0,0,1,0,0,1,0
789,3,1.0,20.575,4,0,1,2,0,0,0,0,0,0,0,1,0,1,0,0,0,0,0,1,0,0,1,1
790,1,46.0,79.2,1,0,1,0,0,1,0,0,0,0,0,0,0,0,0,1,0,0,0,0,1,1,0,0
791,3,26.084146709181322,7.75,1,0,1,1,0,0,0,0,0,0,0,1,0,0,0,1,0,1,0,0,0,1,0,0
792,2,16.0,26.0,1,0,1,2,0,0,0,0,0,0,0,1,0,1,0,0,0,0,0,1,0,0,1,0
793,3,3.009133132322617,69.55,11,0,0,2,0,0,0,0,0,0,0,1,0,0,1,0,0,0,0,0,1,0,1,0
794,1,46.734163495169156,30.6958,1,0,1,0,0,0,0,0,0,0,0,1,0,0,0,1,0,0,0,1,0,1,0,0
795,3,25.0,7.8958,1,0,1,2,0,0,0,0,0,0,0,1,0,0,0,1,0,1,0,0,0,1,0,0
796,2,39.0,13.0,1,0,1,2,0,0,0,0,0,0,0,1,0,0,0,1,0,0,1,0,0,1,0,0
797,1,49.0,25.9292,1,0,0,2,0,0,0,1,0,0,0,0,0,0,0,0,1,0,0,1,0,1,0,1
798,3,31.0,8.6833,1,0,0,2,0,0,0,0,0,0,0,1,0,0,0,0,1,0,1,0,0,1,0,1
799,3,30.0,7.2292,1,0,1,0,0,0,0,0,0,0,0,1,0,0,0,1,0,1,0,0,0,1,0,0
800,3,30.0,24.15,3,1,0,2,0,0,0,0,0,0,0,1,0,0,0,0,1,0,0,1,0,1,0,0
801,2,34.0,13.0,1,0,1,2,0,0,0,0,0,0,0,1,0,0,0,1,0,0,1,0,0,1,0,0
802,2,31.0,26.25,3,1,0,2,0,0,0,0,0,0,0,1,0,0,0,0,1,0,0,1,0,1,0,1
803,1,11.0,120.0,4,0,1,2,0,1,0,0,0,0,0,0,0,1,0,0,0,0,0,0,1,0,1,1
804,3,0.42,8.5167,2,0,1,0,0,0,0,0,0,0,0,1,0,1,0,0,0,0,1,0,0,0,1,1
805,3,27.0,6.975,1,0,1,2,0,0,0,0,0,0,0,1,0,0,0,1,0,1,0,0,0,1,0,1
806,3,31.0,7.775,1,0,1,2,0,0,0,0,0,0,0,1,0,0,0,1,0,1,0,0,0,1,0,0
807,1,39.0,0.0,1,0,1,2,1,0,0,0,0,0,0,0,0,0,0,1,0,1,0,0,0,1,0,0
808,3,18.0,7.775,1,0,0,2,0,0,0,0,0,0,0,1,0,0,0,0,1,1,0,0,0,1,0,0
809,2,39.0,13.0,1,0,1,2,0,0,0,0,0,0,0,1,0,0,0,1,0,0,1,0,0,1,0,0
810,1,33.0,53.1,2,0,0,2,0,0,0,0,1,0,0,0,0,0,0,0,1,0,0,0,1,1,0,1
811,3,26.0,7.8875,1,0,1,2,0,0,0,0,0,0,0,1,0,0,0,1,0,1,0,0,0,1,0,0
812,3,39.0,24.15,1,0,1,2,0,0,0,0,0,0,0,1,0,0,0,1,0,0,0,1,0,1,0,0
813,2,35.0,10.5,1,0,1,2,0,0,0,0,0,0,0,1,0,0,0,1,0,0,1,0,0,1,0,0
814,3,6.0,31.275,7,0,0,2,0,0,0,0,0,0,0,1,0,0,1,0,0,0,0,0,1,0,1,0
815,3,30.5,8.05,1,0,1,2,0,0,0,0,0,0,0,1,0,0,0,1,0,0,1,0,0,1,0,0
816,1,47.10505555344748,0.0,1,0,1,2,0,1,0,0,0,0,0,0,0,0,0,1,0,1,0,0,0,1,0,0
817,3,23.0,7.925,1,0,0,2,0,0,0,0,0,0,0,1,0,0,0,0,1,0,1,0,0,1,0,0
818,2,31.0,37.0042,3,0,1,0,0,0,0,0,0,0,0,1,0,0,0,1,0,0,0,0,1,1,0,0
819,3,43.0,6.45,1,0,1,2,0,0,0,0,0,0,0,1,0,0,0,1,0,1,0,0,0,1,0,0
820,3,10.0,27.9,6,0,1,2,0,0,0,0,0,0,0,1,0,1,0,0,0,0,0,1,0,0,1,0
821,1,52.0,93.5,3,1,0,2,0,1,0,0,0,0,0,0,0,0,0,0,1,0,0,0,1,1,0,1
822,3,27.0,8.6625,1,0,1,2,0,0,0,0,0,0,0,1,0,0,0,1,0,0,1,0,0,1,0,1
823,1,38.0,0.0,1,0,1,2,0,0,0,0,0,0,0,1,0,0,0,1,0,1,0,0,0,1,0,0
824,3,27.0,12.475,2,1,0,2,0,0,0,0,1,0,0,0,0,0,0,0,1,0,1,0,0,1,0,1
825,3,2.0,39.6875,6,0,1,2,0,0,0,0,0,0,0,1,0,1,0,0,0,0,0,0,1,0,1,0
826,3,26.09381297123094,6.95,1,0,1,1,0,0,0,0,0,0,0,1,0,0,0,1,0,1,0,0,0,1,0,0
827,3,25.495159613408504,56.4958,1,0,1,2,0,0,0,0,0,0,0,1,0,0,0,1,0,0,0,0,1,1,0,0
828,2,1.0,37.0042,3,0,1,0,0,0,0,0,0,0,0,1,0,1,0,0,0,0,0,0,1,0,1,1
829,3,18.318940217533402,7.75,1,0,1,1,0,0,0,0,0,0,0,1,0,0,0,1,0,1,0,0,0,1,0,1
830,1,62.0,78.0,1,0,0,2,0,1,0,0,0,0,0,0,0,0,0,0,1,0,0,0,1,1,0,1
831,3,15.0,14.4542,2,0,0,0,0,0,0,0,0,0,0,1,0,0,1,0,0,0,1,0,0,0,1,1
832,2,0.83,18.75,3,0,1,2,0,0,0,0,0,0,0,1,0,1,0,0,0,0,0,1,0,0,1,1
833,3,26.090439445775623,7.2292,1,0,1,0,0,0,0,0,0,0,0,1,0,0,0,1,0,1,0,0,0,1,0,0
834,3,23.0,7.8542,1,0,1,2,0,0,0,0,0,0,0,1,0,0,0,1,0,1,0,0,0,1,0,0
835,3,18.0,8.3,1,0,1,2,0,0,0,0,0,0,0,1,0,0,0,1,0,0,1,0,0,1,0,0
836,1,39.0,83.1583,3,1,0,0,0,0,0,0,1,0,0,0,0,0,0,0,1,0,0,0,1,1,0,1
837,3,21.0,8.6625,1,0,1,2,0,0,0,0,0,0,0,1,0,0,0,1,0,0,1,0,0,1,0,0
838,3,26.080521860912715,8.05,1,0,1,2,0,0,0,0,0,0,0,1,0,0,0,1,0,0,1,0,0,1,0,0
839,3,32.0,56.4958,1,0,1,2,0,0,0,0,0,0,0,1,0,0,0,1,0,0,0,0,1,1,0,1
840,1,38.980989083207504,29.7,1,0,1,0,0,0,1,0,0,0,0,0,0,0,0,1,0,0,0,1,0,1,0,1
841,3,20.0,7.925,1,0,1,2,0,0,0,0,0,0,0,1,0,0,0,1,0,0,1,0,0,1,0,0
842,2,16.0,10.5,1,0,1,2,0,0,0,0,0,0,0,1,0,1,0,0,0,0,1,0,0,0,1,0
843,1,30.0,31.0,1,0,0,0,0,0,0,0,0,0,0,1,0,0,0,0,1,0,0,1,0,1,0,1
844,3,34.5,6.4375,1,0,1,0,0,0,0,0,0,0,0,1,0,0,0,1,0,1,0,0,0,1,0,0
845,3,17.0,8.6625,1,0,1,2,0,0,0,0,0,0,0,1,0,1,0,0,0,0,1,0,0,0,1,0
846,3,42.0,7.55,1,0,1,2,0,0,0,0,0,0,0,1,0,0,0,1,0,1,0,0,0,1,0,0
847,3,3.009133132322617,69.55,11,0,1,2,0,0,0,0,0,0,0,1,0,1,0,0,0,0,0,0,1,0,1,0
848,3,35.0,7.8958,1,0,1,0,0,0,0,0,0,0,0,1,0,0,0,1,0,1,0,0,0,1,0,0
849,2,28.0,33.0,2,0,1,2,0,0,0,0,0,0,0,1,0,0,0,1,0,0,0,0,1,1,0,0
850,1,35.777530026855,89.1042,2,0,0,0,0,0,1,0,0,0,0,0,0,0,0,0,1,0,0,0,1,1,0,1
851,3,4.0,31.275,7,0,1,2,0,0,0,0,0,0,0,1,0,1,0,0,0,0,0,0,1,0,1,0
852,3,74.0,7.775,1,0,1,2,0,0,0,0,0,0,0,1,0,0,0,1,0,1,0,0,0,1,0,0
853,3,9.0,15.2458,3,0,0,0,0,0,0,0,0,0,0,1,0,0,1,0,0,0,0,1,0,0,1,0
854,1,16.0,39.4,2,0,0,2,0,0,0,1,0,0,0,0,0,0,1,0,0,0,0,0,1,0,1,1
855,2,44.0,26.0,2,0,0,2,0,0,0,0,0,0,0,1,0,0,0,0,1,0,0,1,0,1,0,0
856,3,18.0,9.35,2,1,0,2,0,0,0,0,0,0,0,1,0,0,0,0,1,0,1,0,0,1,0,1
857,1,45.0,164.8667,3,1,0,2,0,0,0,0,0,0,0,1,0,0,0,0,1,0,0,0,1,1,0,1
858,1,51.0,26.55,1,0,1,2,0,0,0,0,1,0,0,0,0,0,0,1,0,0,0,1,0,1,0,1
859,3,24.0,19.2583,4,1,0,0,0,0,0,0,0,0,0,1,0,0,0,0,1,0,0,1,0,1,0,1
860,3,26.090439445775623,7.2292,1,0,1,0,0,0,0,0,0,0,0,1,0,0,0,1,0,1,0,0,0,1,0,0
861,3,41.0,14.1083,3,0,1,2,0,0,0,0,0,0,0,1,0,0,0,1,0,0,1,0,0,1,0,0
862,2,21.0,11.5,2,0,1,2,0,0,0,0,0,0,0,1,0,0,0,1,0,0,1,0,0,1,0,0
863,1,48.0,25.9292,1,0,0,2,0,0,0,1,0,0,0,0,0,0,0,0,1,0,0,1,0,1,0,1
864,3,3.009133132322617,69.55,11,0,0,2,0,0,0,0,0,0,0,1,0,0,1,0,0,0,0,0,1,0,1,0
865,2,24.0,13.0,1,0,1,2,0,0,0,0,0,0,0,1,0,0,0,1,0,0,1,0,0,1,0,0
866,2,42.0,13.0,1,0,0,2,0,0,0,0,0,0,0,1,0,0,0,0,1,0,1,0,0,1,0,1
867,2,27.0,13.8583,2,0,0,0,0,0,0,0,0,0,0,1,0,0,0,0,1,0,1,0,0,1,0,1
868,1,31.0,50.4958,1,0,1,2,1,0,0,0,0,0,0,0,0,0,0,1,0,0,0,0,1,1,0,0
869,3,26.06300176094778,9.5,1,0,1,2,0,0,0,0,0,0,0,1,0,0,0,1,0,0,1,0,0,1,0,0
870,3,4.0,11.1333,3,0,1,2,0,0,0,0,0,0,0,1,0,1,0,0,0,0,1,0,0,0,1,1
871,3,26.0,7.8958,1,0,1,2,0,0,0,0,0,0,0,1,0,0,0,1,0,1,0,0,0,1,0,0
872,1,47.0,52.5542,3,1,0,2,0,0,0,1,0,0,0,0,0,0,0,0,1,0,0,0,1,1,0,1
873,1,33.0,5.0,1,0,1,2,0,1,0,0,0,0,0,0,0,0,0,1,0,1,0,0,0,1,0,0
874,3,47.0,9.0,1,0,1,2,0,0,0,0,0,0,0,1,0,0,0,1,0,0,1,0,0,1,0,0
875,2,28.0,24.0,2,0,0,0,0,0,0,0,0,0,0,1,0,0,0,0,1,0,0,1,0,1,0,1
876,3,15.0,7.225,1,0,0,0,0,0,0,0,0,0,0,1,0,0,1,0,0,1,0,0,0,0,1,1
877,3,20.0,9.8458,1,0,1,2,0,0,0,0,0,0,0,1,0,0,0,1,0,0,1,0,0,1,0,0
878,3,19.0,7.8958,1,0,1,2,0,0,0,0,0,0,0,1,0,0,0,1,0,1,0,0,0,1,0,0
879,3,26.082385032922776,7.8958,1,0,1,2,0,0,0,0,0,0,0,1,0,0,0,1,0,1,0,0,0,1,0,0
880,1,56.0,83.1583,2,1,0,0,0,0,1,0,0,0,0,0,0,0,0,0,1,0,0,0,1,1,0,1
881,2,25.0,26.0,2,1,0,2,0,0,0,0,0,0,0,1,0,0,0,0,1,0,0,1,0,1,0,1
882,3,33.0,7.8958,1,0,1,2,0,0,0,0,0,0,0,1,0,0,0,1,0,1,0,0,0,1,0,0
883,3,22.0,10.5167,1,0,0,2,0,0,0,0,0,0,0,1,0,0,0,0,1,0,1,0,0,1,0,0
884,2,28.0,10.5,1,0,1,2,0,0,0,0,0,0,0,1,0,0,0,1,0,0,1,0,0,1,0,0
885,3,25.0,7.05,1,0,1,2,0,0,0,0,0,0,0,1,0,0,0,1,0,1,0,0,0,1,0,0
886,3,39.0,29.125,6,1,0,1,0,0,0,0,0,0,0,1,0,0,0,0,1,0,0,1,0,1,0,0
887,2,27.0,13.0,1,0,1,2,0,0,0,0,0,0,0,1,0,0,0,1,0,0,1,0,0,1,0,0
888,1,19.0,30.0,1,0,0,2,0,1,0,0,0,0,0,0,0,0,0,0,1,0,0,1,0,1,0,1
889,3,14.947703677335078,23.45,4,0,0,2,0,0,0,0,0,0,0,1,0,0,1,0,0,0,0,1,0,0,1,0
890,1,26.0,30.0,1,0,1,0,0,0,1,0,0,0,0,0,0,0,0,1,0,0,0,1,0,1,0,1
891,3,32.0,7.75,1,0,1,1,0,0,0,0,0,0,0,1,0,0,0,1,0,1,0,0,0,1,0,0
